id,name,type,developer,publisher,req_age,2001,number_copies,price
1,Team Fortress Classic,game,378,378,21,1999-04-1,4402980,133.0
2,Day of Defeat,game,378,378,18,2003-05-1,3248103,133.0
3,Deathmatch Classic,game,378,378,14,2001-06-1,510720,133.0
4,Half-Life: Opposing Force,game,126,378,14,1999-11-1,6243063,133.0
5,Ricochet,game,378,378,12,2000-11-1,3014826,133.0
6,Half-Life,game,378,378,12,1998-11-8,58093469,259.0
7,Counter-Strike: Condition Zero,game,378,378,18,2004-03-1,8555256,259.0
8,Counter-Strike: Condition Zero,game,378,378,14,2004-03-1,5090224,259.0
9,Half-Life: Blue Shift,game,126,378,12,2001-06-1,6710135,133.0
10,Half-Life 2,game,378,378,12,2004-11-16,101911500,259.0
11,Counter-Strike: Source,game,378,378,21,2004-11-1,37780868,14.5
12,Half-Life: Source,game,378,378,21,2004-06-1,7342447,259.0
13,Day of Defeat: Source,game,378,378,12,2010-07-12,7464425,259.0
14,Half-Life 2: Deathmatch,game,378,378,14,2004-11-1,1436346,133.0
15,Half-Life 2: Lost Coast,game,378,378,18,2005-10-27,5372608,17.69
16,Half-Life Deathmatch: Source,game,378,378,12,2006-05-1,1270472,259.0
17,Half-Life 2: Episode One,game,378,378,14,2006-06-1,8918994,195.0
18,Portal,game,378,378,16,2007-10-10,84256114,259.0
19,Portal: First Slice,demo,378,378,14,2008-05-8,837,0.0
20,Half-Life 2: Episode Two,game,378,378,14,2007-10-10,9634426,195.0
21,Team Fortress 2,game,378,378,14,2007-10-10,8460688,0.0
22,Left 4 Dead,game,378,378,12,2008-11-17,10725045,259.0
23,Left 4 Dead 2,game,378,378,18,2009-11-16,458258675,259.0
24,Dota 2,game,378,378,12,2013-07-9,7555152,0.0
25,Portal 2,game,378,378,14,2011-04-18,225249376,259.0
26,Alien Swarm,game,378,378,12,2010-07-19,156774,0.0
27,Counter-Strike: Global Offensive,game,378,378,16,2012-10-20,3102355580,0.0
28,Left 4 Dead 2,game,378,378,18,2009-11-16,457787700,259.0
29,Zombie Movie,movie,297,1,16,2006-05-1,521,144.55
30,Hitman: Blood Money Trailer,movie,790,1006,21,2007-03-15,900,174.63
31,SpaceForce™ Rogue Universe Trailer,movie,257,919,14,2007-07-18,895,10.33
32,Red Orchestra: Ostfront 41-45,game,363,363,16,2006-03-14,950620,133.0
33,Mare Nostrum,mod,215,363,12,2008-10-17,57720,0.0
34,Killing Floor,game,363,363,16,2009-05-14,29113830,399.0
35,Darkest Hour: Europe '44-'45,mod,928,528,14,2009-06-9,676578,0.0
36,SiN Episodes: Emergence,game,1001,1001,16,2006-05-10,237075,259.0
37,Darwinia,game,154,154,21,2005-07-14,627096,259.0
38,Uplink,game,154,154,16,2006-08-23,1002950,249.0
39,DEFCON,game,154,154,12,2006-09-29,2378902,259.0
40,Multiwinia,game,154,154,18,2008-09-19,80325,259.0
41,Multiwinia Demo,demo,154,154,12,2008-09-19,187,0.0
42,Dangerous Waters,game,59,1002,14,2006-02-7,178007,499.0
43,Space Empires IV Deluxe,game,717,1002,16,2006-02-7,96924,249.0
44,Jagged Alliance 2 Gold,game,1002,1002,18,2006-07-6,884,419.0
45,Disciples II: Rise of the Elves ,game,1002,1002,12,2006-07-6,249100,169.0
46,Disciples II: Gallean's Return,game,1002,1002,21,2006-07-6,294124,169.0
47,Iron Warriors: T - 72 Tank Command ,game,1002,1002,18,2006-07-26,197538,129.0
48,Space Empires V,game,727,1002,16,2006-10-16,344960,349.0
49,Arx Fatalis Demo,demo,34,34,16,2007-04-4,524,0.0
50,Source Filmmaker,game,378,378,16,2012-07-10,133030,0.0
51,Earth 2160,game,255,323,16,2006-04-1,558435,129.0
52,Two Worlds,advertising,255,513,12,2007-11-6,199,106.98
53,Two Worlds Epic Edition,game,255,809,21,2009-04-30,901554,249.0
54,RACE - The WTCC Game,game,1020,491,18,2006-11-24,923,699.0
55,RACE - The WTCC Game,game,151,123,21,2006-11-24,577,699.0
56,RACE 07 Demo,demo,520,610,12,2007-09-7,760,0.0
57,RACE: Caterham Expansion,game,14,454,12,2007-06-22,889,129.0
58,RoboBlitz,game,333,551,16,2006-11-7,833,199.0
59,RoboBlitz Demo,demo,735,676,18,2006-11-7,220,0.0
60,STAR TREK®: D-A-C,advertising,1011,532,16,2009-11-12,622,12.04
61,City Life,advertising,1004,1004,18,2006-10-12,307,54.02
62,City Life Deluxe,advertising,1004,1004,14,2007-03-2,685,2.13
63,Silverfall,game,1004,1022,12,2007-03-20,62370,199.0
64,Silverfall Demo,demo,1004,1004,16,2007-03-9,605,0.0
65,City Life 2008,game,1004,1022,18,2008-09-29,114582,249.0
66,Silverfall: Earth Awakening,game,1004,1022,14,2008-07-18,778,199.0
67,Full Spectrum Warrior,game,226,346,14,2007-07-17,34068,199.0
68,Full Spectrum Warrior: Ten Hammers,game,226,346,14,2007-07-17,44772,199.0
69,Full Pipe,advertising,471,51,12,2006-12-18,995,196.28
70,Total War: MEDIEVAL II – Definitive Edition,game,831,542,12,2006-11-15,3463254,116.07
71,Medieval II: Total War™ Demo,demo,73,709,12,2006-11-10,389,0.0
72,Heroes of Annihilated Empires Demo,demo,132,132,16,2006-11-16,543,0.0
73,Heroes... Multiplayer Demo,demo,132,132,16,2007-03-6,258,0.0
74,Natural Selection 2,game,1024,1024,16,2012-10-30,5197351,249.0
75,Tom Clancy's H.A.W.X - High Altitude Warfare HD Trailer,movie,369,369,14,2008-07-24,283,122.41
76,Team Fortress 2: Meet the Soldier (Russian),movie,378,378,14,2008-09-18,534,36.46
77,Fallout 3 Gameplay Video: 2 of 5,movie,47,1023,14,2008-10-24,769,148.61
78,EverQuest® II Rise of Kunark™ Starter Pack Trailer,movie,459,750,18,2009-01-16,748,116.2
79,Grey's Anatomy Trailer,movie,445,369,21,2009-03-13,257,156.89
80,Flock! Trailer 2,movie,245,63,14,2009-04-7,957,96.59
81,Red Faction Guerrilla Tools of Destruction Video 3,movie,85,346,14,2009-04-27,859,170.72
82,Global Agenda - No Elves,movie,526,229,18,2009-06-9,956,30.97
83,Trine Teaser Trailer,movie,378,378,12,2009-06-26,404,162.92
84,Batman: Arkham Asylum Invisible Predator Trailer,movie,378,378,18,2009-07-31,411,92.0
85,Cricket Revolution Gameplay Trailer,movie,785,614,18,2009-08-5,572,78.8
86,Section 8 Teaser Trailer,movie,350,997,14,2009-08-12,992,27.91
87,Ashes Cricket 2009 - Tunnel Trailer,movie,653,69,14,2009-08-18,324,36.62
88,Heroes Over Europe - Environments Trailer,movie,516,369,16,2009-09-1,467,5.88
89,R.U.S.E.™ - Pump Fake Strategy Trailer,movie,103,369,18,2009-10-16,406,175.76
90,Shattered Horizon Silent Running Trailer,movie,121,121,14,2009-11-11,541,46.47
91,Dragon Age: Origins Awakening Trailer,movie,50,97,16,2010-01-5,966,82.55
92,EverQuest® II Sentinel's Fate Trailer,movie,378,378,18,2010-02-16,948,138.11
93,Metro 2033 Third Trailer,movie,12,346,14,2010-02-9,332,171.9
94,Supreme Commander 2 Pulinsmash Trailer,movie,498,1006,12,2010-02-18,842,32.82
95,Settlers 7 Economy Tutorial Trailer,movie,370,369,14,2010-03-15,751,78.5
96,RUSE Open Beta Introduction,movie,103,369,21,2010-03-9,721,50.05
97,Chrome Trailer 1,movie,334,522,12,2010-05-14,911,156.08
98,Homefront Teaser trailer,movie,165,346,12,2010-06-16,588,16.99
99,Kane & Lynch 2: Cops & Robbers Mode English (PEGI),movie,1006,1006,21,2010-07-26,313,55.42
100,Medal of Honor - Announce,movie,97,97,16,2010-07-23,197,180.6
101,K&L2: Gaming's Most Notorious Criminals (PEGI) (EN),movie,156,1006,16,2010-08-17,778,27.69
102,Call of Duty: Black Ops Multiplayer Teaser,movie,360,27,14,2010-08-27,922,107.28
103,MOH: Experience - Part 4,movie,97,97,18,2010-09-23,842,92.48
104,Haunted House Trailer 2,movie,482,1020,16,2010-09-30,692,176.58
105,ArcaniA Trailer 3,movie,744,97,14,2010-10-14,488,193.39
106,Shank,game,166,166,18,2010-10-25,1287056,259.0
107,Shank Demo,demo,166,97,18,2010-10-26,256,0.0
108,Sam & Max 205: What's New Beelzebub?,game,21,493,14,2008-05-16,388,21.15
109,Bone: Out From Boneville,game,695,721,16,2008-06-17,832,91.24
110,Bone: The Great Cow Race,game,605,773,18,2008-06-17,248,10.53
111,Telltale Texas Hold ‘Em,game,338,338,14,2008-06-17,564,30.0
112,Strong Bad's Cool Game for Attractive People: Season 1,game,338,338,16,2008-12-18,191084,360.0
113,EVE Online,game,67,67,21,2010-12-15,6497862,0.0
114,RACE 07,game,956,266,16,2007-10-15,254737,99.0
115,RACE On,game,661,697,12,2009-10-16,918,189.0
116,RACE 07: Andy Priaulx Crowne Plaza Raceway (Free DLC),dlc,13,837,21,2008-06-25,548,699.0
117,GTR Evolution Expansion Pack for RACE 07,dlc,625,1021,16,2008-09-1,969,189.0
118,STCC - The Game 1 - Expansion Pack for RACE 07,dlc,645,773,16,2008-10-22,699,79.0
119,STCC - The Game Demo,demo,559,182,21,2008-09-18,532,0.0
120,GTR Evolution Demo,demo,944,137,18,2008-10-23,778,0.0
121,Puzzlegeddon Demo,advertising,944,777,18,2009-09-23,290,144.54
122,RACE On Demo,demo,441,286,14,2009-10-9,971,0.0
123,RACE On,game,358,104,12,2009-10-16,738,189.0
124,GTR 2 FIA GT Racing Game,game,126,942,12,2012-12-12,98280,189.0
125,Civilization IV: Beyond the Sword,game,108,4,18,2007-07-24,666401,7.36
126,BioShock® 2,game,4,4,21,2010-02-9,7860160,194.11
127,Freedom Force,game,159,4,14,2009-05-29,57750,141.94
128,Freedom Force vs. the Third Reich,game,159,4,14,2009-05-29,150643,23.36
129,Freedom Force Demo,demo,159,4,18,2009-05-29,994,0.0
130,Freedom Force vs. the Third Reich Demo,demo,159,4,12,2009-05-29,930,0.0
131,Spear of Destiny,game,144,144,18,2007-08-3,315840,132.87
132,QUAKE Mission Pack 2: Dissolution of Eternity,game,277,144,16,2007-08-3,60630,100.09
133,QUAKE Mission Pack 1: Scourge of Armagon,game,1001,144,12,2007-08-3,170240,4.0
134,DOOM 3,game,144,144,14,2007-08-3,4979550,182.87
135,DOOM 3 Resurrection of Evil,game,144,144,14,2007-08-3,181278,40.35
136,Quake III Arena Demo,demo,144,144,12,2007-08-3,543,0.0
137,Quake III Team Arena Demo,demo,144,144,16,2007-08-3,204,0.0
138,Hexen II Demo,demo,144,144,16,2007-08-3,626,0.0
139,Quake II Demo,demo,144,144,16,2007-08-3,936,0.0
140,Company of Heroes Singleplayer Demo,demo,260,346,16,2007-07-17,993,0.0
141,Dawn of War® Demo,demo,260,346,12,2007-08-21,387,0.0
142,Dawn of War® - Winter Assault Demo,demo,260,346,12,2007-08-21,356,0.0
143,Supreme Commander,game,12,312,16,2011-09-28,1250280,11.41
144,Juiced 2: Hot Import Nights,advertising,743,346,14,2007-12-13,843,171.34
145,"Warhammer® 40,000: Dawn of War® - Soulstorm Demo",demo,260,346,16,2008-01-23,968,0.0
146,Frontlines™: Fuel of War™,game,165,346,12,2008-02-29,297821,299.0
147,Gish,game,898,440,18,2007-07-20,130530,259.0
148,Gish Demo,demo,753,523,16,2008-01-3,963,0.0
149,Desperados 2: Cooper's Revenge,game,305,346,21,2008-03-12,119520,199.0
150,Tycoon City: New York,game,378,378,21,2008-03-12,59475,573.0
151,Indigo Prophecy,advertising,249,1020,12,2008-03-12,906,65.79
152,Act of War: High Treason,game,103,346,12,2008-03-12,171022,79.0
153,Death to Spies,game,739,169,12,2008-03-12,156101,159.0
154,Codename: Panzers - Cold War,game,823,346,21,2009-05-6,165996,419.0
155,The Chronicles of Riddick™ Assault on Dark Athena,advertising,314,1020,12,2009-06-16,165920,44.68
156,Champions Online,game,1025,133,18,2011-06-14,124425,0.0
157,Blade Kitten,game,175,742,21,2014-05-22,436900,79.78
158,Blade Kitten Demo,demo,863,1020,14,2010-09-22,182,0.0
159,Haunted House™,game,253,1020,21,2010-09-28,538,149.0
160,Star Raiders,game,851,1020,21,2011-05-11,661,249.0
161,The UnderGarden,game,605,898,14,2010-11-10,368,400.0
162,The History Channel: Battle For The Pacific,advertising,837,27,14,2008-05-16,290,158.63
163,Quantum of Solace,advertising,360,27,18,2009-01-7,477,42.92
164,TimeShift™,game,1026,27,18,2009-07-23,384125,168.02
165,Postal III,game,605,584,18,2012-02-17,624591,399.0
166,Dead Mountaineer's Hotel,game,874,398,18,2011-10-28,364,199.0
167,A Stroke of Fate: Operation Valkyrie,game,269,142,12,2011-10-28,975,199.0
168,PT Boats: Knights of the Sea,game,34,192,21,2011-10-28,492,199.0
169,PT Boats: South Gambit,game,387,13,18,2011-10-28,432,199.0
170,Disciples III: Reincarnation,game,768,164,12,2014-02-14,882875,599.0
171,Baseball Mogul 2008,advertising,378,1002,21,2008-02-13,370,77.77
172,Culpa Innata,game,282,1002,12,2008-01-18,169,249.0
173,Sacred Gold,game,1009,346,12,2008-07-9,2750540,249.0
174,Darkstar One,game,36,1002,21,2008-02-13,222306,249.0
175,Jack Keane,game,1010,1010,18,2008-06-27,695,199.0
176,FlatOut: Ultimate Carnage,game,59,1002,21,2008-08-26,553111,299.0
177,Jagged Alliance 2 Gold,game,1002,1002,18,2006-07-6,711,419.0
178,Jagged Alliance 2 Gold,game,1002,1002,12,2006-07-6,724,419.0
179,Exodus from the Earth ,game,241,1002,14,2008-10-24,100491,249.0
180,"Bill ""Spaceman"" Lee Baseball Mogul 2009",advertising,913,1002,21,2008-10-23,974,159.05
181,Perimeter 2: New Earth,game,243,1002,12,2009-02-10,947,349.0
182,SlamIt Pinball Big Score,game,719,164,14,2009-02-23,74778,299.0
183,Ankh 2: Heart of Osiris ,game,643,1002,14,2009-06-16,631,349.0
184,Ankh 3: Battle of the Gods,game,109,1002,14,2009-06-16,405,349.0
185,BC Kings,game,760,1002,18,2009-06-16,137256,129.0
186,Port Royale 2,game,36,1002,16,2009-06-16,148520,99.0
187,9th Company: Roots Of Terror,game,929,1002,18,2009-12-3,30720,249.0
188,PuzzleQuest: Challenge of the Warlords,game,903,80,16,2008-01-29,486932,249.0
189,Prison Tycoon 3™: Lockdown,game,1011,407,12,2008-01-29,35075,249.0
190,18 Wheels of Steel: American Long Haul,game,286,771,18,2008-01-29,82669,249.0
191,Hunting Unlimited™ 2008,game,286,689,21,2008-01-29,201,199.0
192,Mahjongg Investigations: Under Suspicion,game,921,450,16,2008-07-29,639,199.0
193,Ride! Carnival Tycoon,game,144,810,21,2008-07-29,440,199.0
194,Hot Dish,game,679,858,18,2008-07-29,981,199.0
195,Dr. Daisy Pet Vet,game,498,589,14,2008-07-29,799,199.0
196,Sprint Cars Road to Knoxville,game,627,564,12,2008-07-29,384,199.0
197,Midnight Outlaw: 6 Hours to SunUp,game,875,222,16,2008-07-29,179,199.0
198,Drakensang,game,911,529,14,2009-03-9,113004,249.0
199,Mission Runway,game,1024,399,21,2009-07-17,165,199.0
200,Hunting Unlimited 2010,game,286,689,14,2009-07-7,54530,249.0
201,Overlord™: Raising Hell,game,364,69,12,2008-02-28,788730,176.4
202,Turning Point™: Fall of Liberty,advertising,304,69,12,2008-02-29,382,14.13
203,Overlord II Demo,demo,364,69,18,2009-06-18,271,0.0
204,Operation Flashpoint: Dragon Rising Demo,demo,69,69,18,2009-11-16,858,0.0
205,AudioSurf,game,325,1,18,2008-02-15,6411922,249.0
206,AudioSurf Demo,demo,93,1,14,2008-02-15,168,0.0
207,Ninja Reflex Demo,demo,285,862,12,2008-03-21,761,0.0
208,America's Army 3,game,423,797,16,2009-06-17,784,0.0
209,Unreal 2: The Awakening,game,100,100,12,2008-03-17,289255,249.0
210,Unreal Tournament 3 Black,game,100,100,21,2009-03-5,604958,299.0
211,Unreal Tournament 2004: Editor's Choice Edition,game,100,100,12,2004-03-17,823900,249.0
212,Unreal Tournament: Game of the Year Edition,game,100,100,14,2008-03-17,2723752,199.0
213,Unreal Gold,game,100,100,12,2008-03-17,621392,199.0
214,Tom Clancy's Ghost Recon Advanced Warfighter® 2,advertising,369,369,14,2008-07-15,49660,38.49
215,Tom Clancy's Rainbow Six® Vegas,game,369,369,14,2008-04-9,574954,46.61
216,Tom Clancy's Splinter Cell®,game,369,369,16,2008-04-1,333996,105.09
217,Tom Clancy's Splinter Cell Chaos Theory®,game,369,369,16,2005-03-29,1703196,131.27
218,Tom Clancy's Splinter Cell Double Agent®,game,369,369,12,2009-02-13,456547,190.5
219,Tom Clancy's Ghost Recon Advanced Warfighter®,advertising,369,369,18,2008-07-15,323,126.9
220,Chaos Theory Demo,demo,486,604,21,2008-05-22,152,0.0
221,Trials 2: Second Edition Demo,demo,493,344,16,2008-05-28,395,0.0
222,Monster Trucks Nitro Demo,demo,616,961,12,2009-01-29,256,0.0
223,Stronghold Crusader Extreme,advertising,109,1023,14,2008-07-1,652158,88.2
224,Insecticide Part 1,game,279,269,18,2008-07-1,117624,82.0
225,Velvet Assassin,game,250,269,12,2009-05-1,1138382,133.0
226,Legendary,game,304,942,14,2008-12-1,1487700,133.0
227,Sid Meier's Civilization IV: Colonization,game,108,4,21,2008-09-23,421083,153.95
228,GROUND BRANCH,game,4,195,12,2018-08-14,3979310,435.0
229,Global Agenda: Free Agent,game,879,791,21,2011-06-14,225822,0.0
230,Tribes: Ascend,game,862,997,14,2012-06-27,269,0.0
231,Children of the Nile: Enhanced Edition,game,349,349,16,2008-07-8,266230,199.0
232,Children of the Nile: Enhanced Edition Demo,demo,349,349,14,2008-07-8,492,0.0
233,Children of the Nile: Alexandria,game,349,349,12,2008-09-22,49654,69.0
234,Hinterland,game,349,349,12,2008-09-30,172980,249.0
235,Mosby's Confederacy,game,349,349,16,2008-11-19,410,249.0
236,Crysis,game,78,97,14,2008-09-17,7468047,158.86
237,Need for Speed Undercover,game,92,97,12,2008-12-19,3277236,145.77
238,Dragon Age: Origins,game,50,97,18,2009-11-6,3047904,76.76
239,Zombie Panic! Source,game,227,227,14,2008-10-3,523,0.0
240,Age of Chivalry,mod,755,1,12,2008-10-3,944,0.0
241,Synergy,mod,880,1,21,2008-10-3,367,0.0
242,D.I.P.R.I.P. Warm Up,mod,10,412,16,2008-10-3,780,0.0
243,Eternal Silence,mod,499,1,12,2009-02-6,243,0.0
244,"Pirates, Vikings, and Knights II",game,344,327,18,2010-02-12,680,0.0
245,Dystopia,game,440,1,18,2009-02-6,247,0.0
246,INSURGENCY: Modern Infantry Combat,mod,935,211,16,2008-10-3,366,0.0
247,Nuclear Dawn,game,355,1031,18,2011-09-26,307444,249.0
248,Smashball,mod,6,245,14,2009-07-20,486,0.0
249,Empires Mod,game,1027,1027,12,2008-07-28,953,0.0
250,SpellForce 2 - Shadow Wars,advertising,95,161,21,2008-07-7,466,11.51
251,SpellForce 2 - Dragon Storm,advertising,731,161,21,2008-07-7,647,16.59
252,"Precipice of Darkness, Episode One Demo",demo,741,457,18,2008-06-11,309,0.0
253,"Precipice of Darkness, Episode Two Demo",demo,503,854,18,2008-11-7,714,0.0
254,The Baconing DLC - Roesha – One Bad Mutha Co-op Character,dlc,512,538,16,2011-10-11,839,79.0
255,Shattered Horizon,game,121,121,12,2009-11-4,121064,149.18
256,Spectraball,game,740,770,16,2008-10-20,332442,129.0
257,Crazy Machines 2,game,450,970,18,2008-06-20,33578,259.0
258,Shatter,game,960,991,14,2010-03-15,504000,61.0
259,Watchmen: The End is Nigh Demo,demo,339,713,21,2009-03-4,234,0.0
260,Gravitron 2,game,621,963,18,2008-09-30,569,99.0
261,Gravitron 2 Demo,demo,932,469,12,2008-09-30,659,0.0
262,Project Aftermath,game,830,839,12,2008-10-3,606,90.11
263,Project Aftermath Demo,demo,552,516,21,2008-10-2,409,0.0
264,Pyroblazer® Demo,demo,393,970,16,2009-01-30,668,0.0
265,Age of Booty™,game,1023,63,21,2009-03-9,175863,53.24
266,Age of Booty™ Demo,demo,1009,63,16,2009-03-9,433,0.0
267,Flock!,game,245,63,21,2009-04-7,82008,199.7
268,Flock! Demo,demo,245,63,21,2009-03-24,600,0.0
269,Bionic Commando: Rearmed,game,63,63,21,2009-07-28,313277,189.43
270,CSI: Crime Scene Investigation™:  Hard Evidence,advertising,140,369,14,2009-08-24,493,144.49
271,World In Conflict,advertising,189,369,16,2008-12-4,594253,49.17
272,Tom Clancy's H.A.W.X™,advertising,369,369,14,2009-03-18,163930,157.29
273,World In Conflict,advertising,189,369,16,2008-12-4,512308,19.77
274,TMNT™,advertising,369,369,14,2009-05-27,736,64.34
275,World of Goo,game,921,740,16,2008-10-13,1117035,360.0
276,World of Goo Demo,demo,252,107,14,2008-10-16,802,0.0
277,Mount & Blade,game,788,118,14,2008-11-3,2769144,249.0
278,Mount and Blade Demo,demo,74,1013,16,2008-11-3,264,0.0
279,Penumbra: Black Plague Gold Edition,game,115,115,16,2009-01-23,1078364,249.0
280,Hearts of Iron 2 Complete,game,228,1013,16,2009-01-23,195806,299.0
281,Europa Universalis III Complete Demo,demo,1013,1013,14,2009-02-15,249,0.0
282,Europa Universalis: Rome - Gold Edition Demo,demo,1013,1013,21,2009-02-15,416,0.0
283,Hearts of Iron 2 Demo,demo,1013,1013,12,2009-02-15,644,0.0
284,Penumbra Overture,game,115,115,14,2009-03-6,1360692,249.0
285,Zeno Clash,game,25,25,12,2009-04-21,376724,249.0
286,Zeno Clash Demo,demo,25,25,14,2009-05-1,276,0.0
287,BRINK,game,309,1023,12,2011-05-9,370458,0.0
288,BRINK,game,309,1023,14,2011-05-9,1365830,0.0
289,Fallout 3: Game of the Year Edition,game,47,1023,21,2009-12-17,18301248,520.0
290,Spectromancer,game,295,574,14,2009-02-11,170236,229.0
291,Spectromancer - League of Heroes,dlc,463,407,18,2010-06-11,361,119.0
292,Spectromancer - Truth & Beauty,dlc,883,191,21,2011-06-13,775,149.0
293,Alien Breed™: Impact Demo,demo,333,333,14,2010-05-27,374,0.0
294,Alien Breed 2: Assault,game,333,333,16,2010-09-22,45150,9.99
295,Alien Breed 2: Assault Demo,demo,333,333,18,2010-09-22,648,0.0
296,Alien Breed 3: Descent Demo,demo,333,333,16,2010-11-17,399,0.0
297,Worms Reloaded Demo,demo,333,333,21,2010-08-26,333,0.0
298,Texas Cheat'Em Demo,demo,395,425,18,2009-08-10,434,0.0
299,King Arthur - The Role-playing Wargame,game,1012,1013,18,2009-11-24,185928,169.0
300,Need for Speed: Shift,game,299,97,18,2009-10-6,1127805,79.19
301,Mass Effect 2 (2010),game,50,97,12,2010-01-28,12049668,699.0
302,Overgrowth,game,417,909,21,2017-10-16,2644936,279.0
303,Lugaru HD,game,462,807,12,2010-10-8,242262,169.0
304,Cricket Revolution Demo,demo,481,1027,14,2009-10-15,549,0.0
305,Eschalon: Book I,game,106,1009,12,2009-02-10,112596,0.0
306,Eschalon: Book I Demo,demo,507,643,21,2009-02-11,950,0.0
307,Eschalon: Book II,game,798,432,12,2010-07-12,420,149.0
308,Madballs in Babo:Invasion,game,1019,822,21,2009-09-17,192421,99.0
309,Madballs Demo,demo,422,793,18,2009-09-17,455,0.0
310,Madballs B*D*I Clan Skins,dlc,421,65,18,"Aug 16, 2010",393,1.99
311,Europa Universalis III Complete,game,228,1013,16,2009-02-4,1243070,299.0
312,Europa Universalis III: Western - AD 1400 Spritepack,dlc,1013,1013,18,2011-06-23,842,49.0
313,Knights of Honor,game,441,1013,21,2009-02-4,1845690,249.0
314,Elven Legacy,game,776,736,18,2009-04-7,43142,149.0
315,Sword of the Stars: Complete Collection,game,768,1013,14,2010-06-4,440860,199.0
316,Stalin vs. Martians,advertising,614,657,12,2009-04-29,263,37.29
317,Hearts of Iron III,game,228,1013,16,2009-08-7,729300,199.0
318,King's Bounty: The Legend,game,647,802,21,2009-05-1,1766599,149.0
319,Supreme Ruler 2020 Gold,game,1014,1014,21,2009-07-9,147312,249.0
320,East India Company,game,1011,104,12,2009-07-31,132335,9.99
321,East India Company: Pirate Bay,dlc,173,974,21,2009-07-31,281,99.0
322,Hearts of Iron III: Soviet Infantry Pack DLC,dlc,1013,1013,12,2010-02-18,658,0.99
323,Majesty 2,game,201,1013,12,2009-09-17,727720,9.99
324,Majesty Gold HD,game,80,1013,16,2009-09-4,230202,9.99
325,The Maw,game,763,553,21,2009-03-9,128117,9.99
326,The Maw Demo,demo,639,315,14,2009-03-13,538,0.0
327,Cogs,game,717,1,18,2009-04-14,180900,154.0
328,Cogs Demo,demo,151,1,14,2009-04-14,230,0.0
329,Smashing Toys,advertising,89,356,16,2009-04-22,375,26.74
330,Smashing Toys,advertising,271,580,12,2009-04-22,165,188.55
331,Braid,game,786,897,12,2009-04-10,1586520,349.0
332,Braid Demo,demo,661,11,14,2009-04-11,191,0.0
333,Crayon Physics Deluxe,game,477,602,14,2009-05-6,165416,299.0
334,Crayon Physics Deluxe Demo,demo,369,62,14,2009-05-6,676,0.0
335,The Path,game,328,328,14,2009-03-18,444192,249.0
336,Yumsters 2: Around the World,game,1028,1028,16,2009-11-12,533,99.0
337,Musaic Box,game,1028,1028,12,2009-03-19,21720,99.0
338,Between,demo,704,968,12,2009-03-19,878,0.0
339,Mightier,demo,484,1020,14,2009-03-19,928,0.0
340,Blueberry Garden Demo,demo,761,396,12,2009-06-10,683,0.0
341,Osmos,game,362,641,14,2009-08-18,336700,259.0
342,Osmos Demo,demo,505,683,12,2009-08-18,932,0.0
343,Guild Wars® Game of the Year Edition,game,32,432,16,2009-04-22,567,399.0
344,Guild Wars Factions®,game,32,341,16,2009-04-22,447,399.0
345,Guild Wars® Trilogy,game,32,789,18,2009-04-22,445,799.0
346,Guild Wars Nightfall®,game,32,744,18,2009-04-22,524,399.0
347,Guild Wars: Eye of the North®,game,32,128,18,2010-10-8,839,399.0
348,Caster,game,570,597,18,2009-03-19,2454124,40.0
349,James Cameron’s Avatar™: The Game,advertising,369,369,14,2009-12-1,401,144.4
350,Call of Juarez: Bound in Blood Demo,demo,334,369,18,2009-08-13,681,0.0
351,Dawn of Discovery™: Venice,dlc,370,369,18,2010-02-25,203510,167.78
352,Zeit² Demo,demo,884,369,12,2011-01-14,837,0.0
353,Tropico Reloaded,game,243,164,14,2009-07-24,145200,419.0
354,Tropico Reloaded,game,243,164,12,2009-07-24,566885,419.0
355,Dawn of Magic 2,game,172,623,16,2009-09-11,268,79.0
356,Tropico 3 Demo,demo,135,164,12,2009-09-14,922,0.0
357,Patrician III,game,36,164,18,2010-11-18,256875,299.0
358,Broken Sword 2 - the Smoking Mirror: Remastered,game,934,738,21,2009-12-2,650876,129.0
359,Broken Sword 3 - the Sleeping Dragon,game,832,518,21,2009-12-2,283432,129.0
360,Crash Time 3,game,1015,164,21,2009-11-25,203365,359.0
361,Puzzler World,game,931,280,21,2010-05-28,82800,99.0
362,Ziro,game,339,164,16,2010-05-28,258,299.0
363,eversion,game,612,258,21,2010-06-7,192660,129.0
364,18 Wheels of Steel: Extreme Trucker,game,378,378,21,2009-09-23,58535,249.0
365,The Search for Amelia Earhart,game,720,515,21,2010-02-22,631,169.0
366,Drakensang: The River of Time,game,751,583,16,2011-02-16,121278,399.0
367,Drakensang - Phileasson's Secret,dlc,58,922,18,2011-05-13,385,129.0
368,Elizabeth Find M.D. - Diagnosis Mystery - Season 2,game,569,90,14,2011-06-9,629,399.0
369,Arma 2: Operation Arrowhead,game,57,57,21,2010-06-29,7393758,499.0
370,Fish Fillets 2,game,1013,57,18,2010-11-5,531,99.0
371,ARMA II: Operation Arrowhead Demo,demo,57,57,18,2010-07-20,481,0.0
372,Pound of Ground,game,1016,57,12,2010-11-5,114777,199.0
373,Alternativa,game,1016,57,21,2010-11-5,103140,349.0
374,Alpha Protocol™,game,220,153,12,2010-06-1,2867466,97.47
375,Napoleon: Total War Demo,demo,73,39,12,2010-03-10,892,0.0
376,Vancouver 2010™ - The Official Video Game of the Olympic Winter Games,game,104,263,21,2010-02-18,611,51.84
377,Aliens vs. Predator Demo,demo,256,331,14,2010-02-3,825,0.0
378,SEGA Mega Drive and Genesis Classics,game,102,865,12,2010-06-1,3891684,115.45
379,Total War: SHOGUN 2 Demo,demo,73,930,21,2011-02-22,595,0.0
380,NecroVision Demo,demo,345,500,21,2009-05-20,326,0.0
381,Death to Spies: Moment of Truth,game,691,83,18,2009-08-7,295394,169.0
382,XIII Century – Gold Edition,game,899,316,16,2009-08-28,408,129.0
383,Sid Meier's Civilization® IV,game,108,4,12,2006-10-25,529240,49.92
384,Civilization IV®: Warlords,game,108,4,21,2007-04-6,176958,156.84
385,Civilization IV: Beyond the Sword,game,108,4,21,2007-07-24,2079586,188.3
386,Sid Meier's Civilization IV: Colonization,game,108,4,18,2008-09-23,521001,28.89
387,Light of Altair,game,800,787,18,2009-06-4,896,249.0
388,Light of Altair Demo,demo,156,614,16,2009-06-4,563,0.0
389,Order of War Demo,demo,389,406,21,2009-08-3,328,0.0
390,Massive Assault Network 2 Demo,demo,389,389,18,2009-11-17,575,0.0
391,Sniper Ghost Warrior 2 Demo,demo,489,1032,21,2013-06-25,450,0.0
392,Bad Rats: the Rats' Revenge,game,278,1002,12,2009-07-20,6405245,29.0
393,Bad Rats: the Rats' Revenge Demo,demo,400,1002,18,2009-07-20,367,0.0
394,Razor2: Hidden Skies,game,328,1002,18,2010-07-19,87636,249.0
395,Razor2: Hidden Skies Demo,demo,562,1002,18,2010-07-20,839,0.0
396,Mini Ninjas Demo,demo,156,1006,18,2009-08-19,492,0.0
397,Just Cause 2 Demo,demo,38,1006,16,2010-03-4,363,0.0
398,Lara Croft and the Guardian of Light Demo,demo,77,1006,21,2010-09-28,797,0.0
399,Magnetis Demo,demo,89,465,18,2010-01-7,928,0.0
400,Windosill,game,630,483,18,2009-09-25,624690,82.0
401,Darkest of Days Demo,demo,483,722,16,2009-08-11,247,0.0
402,QuantZ Demo,demo,609,523,16,2009-09-3,803,0.0
403,Board Game Classics Collection,advertising,981,557,14,2009-08-24,461,39.5
404,Jewel Quest Pack,game,720,577,14,2009-08-24,565,419.0
405,Jewel Quest Pack,game,862,597,14,2009-08-24,977,419.0
406,Jewel Quest Pack,game,52,355,18,2009-08-24,781,419.0
407,Jewel Quest Pack,game,863,597,16,2009-08-24,789,419.0
408,Mahjong Quest Collection,game,108,299,14,2009-08-24,550,249.0
409,Mahjong Quest Collection,game,363,589,16,2009-08-24,926,249.0
410,Mahjong Quest Collection,game,272,926,12,2009-08-24,476,249.0
411,Risk,advertising,344,549,14,2009-08-24,335,12.42
412,Risk II,advertising,714,908,12,2009-08-24,523,81.37
413,Coconut Queen,game,810,645,21,2009-12-17,531,249.0
414,Build-A-Lot,game,402,79,21,2009-12-17,358,249.0
415,Build-A-Lot 2: Town of the Year,game,31,8,12,2009-12-17,742,249.0
416,Build-A-Lot 3: Passport to Europe,game,236,758,14,2009-12-17,280,249.0
417,Build-A-Lot 4: Power Source,game,398,214,14,2009-12-17,395,249.0
418,Farm Frenzy,game,28,393,21,2010-02-15,387,129.0
419,Farm Frenzy 2,game,28,635,18,2010-02-15,281,129.0
420,Farm Frenzy: Pizza Party,game,28,628,12,2010-02-15,870,129.0
421,Farm Frenzy 3,game,28,42,14,2010-02-15,186,249.0
422,Farm Frenzy 3: American Pie,game,28,821,14,2010-02-15,503,249.0
423,Cradle of Rome,game,563,890,16,2010-02-20,961,249.0
424,Cradle of Persia,game,899,982,16,2010-02-20,175,249.0
425,Romance of Rome,game,939,191,14,2010-02-20,503,249.0
426,Raven Squad,advertising,463,86,18,2009-08-26,460,120.01
427,Roogoo,game,159,155,14,2009-12-17,68838,82.0
428,Hotel Giant 2,game,102,403,18,2010-01-27,44944,189.0
429,Horrid Henry,advertising,358,271,12,2010-08-10,212,6.54
430,Fallout: A Post Nuclear Role Playing Game,game,570,1023,14,2009-08-19,2291280,97.38
431,Fallout 2: A Post Nuclear Role Playing Game,game,53,1023,14,2009-08-19,6217358,136.62
432,Fallout Tactics: Brotherhood of Steel,game,128,1023,16,2009-08-19,1107028,135.58
433,Kingpin — Life of Crime,game,401,632,18,2009-08-19,189108,249.0
434,Sacrifice,game,291,551,18,2009-08-19,389500,249.0
435,MDK,game,291,547,12,2009-09-17,231000,249.0
436,MDK 2,game,50,957,18,2009-09-17,155744,249.0
437,Earthworm Jim 2,game,291,450,14,2009-11-4,382,419.0
438,Top Gun,advertising,837,901,21,2010-09-13,741,157.27
439,Faerie Solitaire,game,917,480,18,2010-09-17,1296750,360.0
440,Toki Tori,game,1017,1017,12,2010-01-28,841833,129.0
441,Toki Tori Demo,demo,1017,1017,18,2010-06-15,227,0.0
442,RUSH,game,1017,1017,16,2010-12-3,686298,30.0
443,RUSH Demo,demo,1017,1017,18,2010-12-3,257,0.0
444,EDGE,game,1017,1017,16,2011-08-11,1329600,169.0
445,EDGE Demo,demo,1017,1017,18,2011-08-11,157,0.0
446,CrimeCraft,advertising,658,944,18,2009-08-25,183,20.27
447,Rhythm Zone - Demo,demo,465,418,14,2010-09-23,935,0.0
448,Moonbase Alpha,game,599,995,18,2010-07-6,133322,0.0
449,Gyromancer Demo,demo,127,312,18,2009-11-18,988,0.0
450,RIFT,game,201,843,16,2011-03-1,411687,0.0
451,Dungeon Siege III Demo,demo,220,312,18,2011-06-6,902,0.0
452,Freeze Tag Fun Pack #1,game,935,220,16,2009-09-23,620,299.0
453,Ion Assault,game,882,346,14,2010-11-17,875,259.0
454,Cargo! The Quest for Gravity,game,1029,1029,18,2011-04-21,40128,249.0
455,Gratuitous Space Battles,game,361,461,12,2009-11-16,383040,360.0
456,Gratuitous Space Battles Demo,demo,580,739,14,2009-11-16,655,0.0
457,Trino,game,645,992,21,2011-01-27,644,99.0
458,Lead and Gold: Gangs of the Wild West,game,107,107,16,2010-04-8,435513,351.0
459,Lead and Gold: Gangs of the Wild West,game,107,107,21,2010-04-8,676033,351.0
460,Hamilton's Great Adventure,game,107,107,18,2011-05-31,134126,249.0
461,Krater,game,107,107,12,2012-06-12,127440,349.0
462,Hamilton's Great Adventure: Retro Fever,dlc,107,107,12,2011-10-3,297,66.72
463,Hamilton's Great Adventure Demo,demo,107,107,14,2011-06-13,285,0.0
464,Nancy Drew® Dossier: Resorting to Danger!,game,51,569,21,2009-11-19,276,175.0
465,Nancy Drew®: Secrets Can Kill REMASTERED,game,461,603,18,2011-07-25,84413,175.0
466,Nancy Drew®: The Captive Curse,game,270,801,14,2011-07-25,135320,175.0
467,Nancy Drew®: Trail of the Twister,game,908,434,21,2011-07-25,183,175.0
468,DogFighter,game,648,876,18,2010-06-14,58590,30.0
469,Blur,advertising,52,27,14,May 2010,334521,199.29
470,Shrek Forever After™,advertising,398,27,12,2010-08-27,356,157.44
471,James Bond: Blood Stone,advertising,52,27,21,2010-11-2,161,79.58
472,East India Company: Privateer,dlc,209,173,12,2009-10-27,444,99.0
473,For The Glory: A Europa Universalis Game,game,380,1013,12,2009-11-11,38306,199.0
474,East India Company: Battle of Trafalgar,dlc,293,170,14,2009-12-8,222,99.0
475,Arsenal of Democracy: A Hearts of Iron Game,game,435,1013,14,2010-02-23,265366,199.0
476,Sword of the Stars: Complete Collection,game,838,1013,16,2010-06-4,290311,199.0
477,Hearts of Iron III: Semper Fi,game,228,1013,14,2010-06-7,298,99.0
478,Magicka,game,531,1013,16,2011-01-25,3545222,199.0
479,The Kings' Crusade,game,44,1013,16,2010-10-8,906,199.0
480,Elven Legacy: Magic,game,330,904,12,2009-12-3,286,99.0
481,Elven Legacy: Siege,game,796,816,16,2009-11-17,723,99.0
482,Elven Legacy: Ranger,game,924,612,18,2009-10-20,446,99.0
483,Victoria II,game,228,1013,14,2010-08-30,12337272,349.0
484,Victoria I Complete,game,228,1013,18,2010-08-20,64575,199.0
485,Sword of the Stars II: Enhanced Edition,game,773,1013,16,2012-11-30,217848,349.0
486,World of Zoo,game,56,1021,18,2009-10-30,93639,249.0
487,Metro 2033,game,12,85,21,2010-03-16,4378910,108.23
488,The Haunted: Hells Reach,game,567,120,12,2011-10-24,84660,199.0
489,M.U.D. TV,game,683,164,18,2010-04-19,93440,599.0
490,Nancy Drew®: Warnings at Waverly Academy,game,371,699,14,2010-01-13,50042,175.0
491,Bob Came in Pieces,game,75,79,16,2010-01-22,658,133.0
492,Bob Came in Pieces Demo,demo,862,1021,21,2010-01-22,442,0.0
493,A.I.M. Racing,game,1030,383,21,2010-01-22,265,99.0
494,NecroVisioN: Lost Company,game,345,218,16,2010-02-19,192253,199.0
495,Star Wolves 3: Civil War,game,380,550,14,2010-03-2,196607,129.0
496,Star Wolves,game,279,670,12,2010-03-2,86961,99.0
497,Star Wolves 2,game,228,906,16,2010-03-2,96465,99.0
498,Theatre of War,game,399,861,14,2010-07-9,226572,129.0
499,Theatre of War 2: Africa 1943,game,288,256,12,2010-07-9,42217,129.0
500,Real Warfare 1242,game,368,51,14,2011-11-30,685,99.0
501,view,mod,577,246,21,1999-04-1,88933,360.12
502,day,mod,626,62,14,1999-04-1,39523,21.86
503,green,demo,743,187,18,2003-05-1,91494,378.12
504,hundred,advertising,457,986,12,2001-06-1,4953,318.27
505,particular,mod,287,47,16,1999-11-1,28388,191.5
506,section,mod,291,610,14,2000-11-1,88655,351.22
507,should,advertising,613,719,12,1998-11-8,64908,418.21
508,glass,mod,523,16,18,2004-03-1,72838,171.35
509,within,game,582,498,16,2004-03-1,45878,190.59
510,long,dlc,220,141,18,2001-06-1,1005,172.02
511,question,advertising,468,563,18,2004-11-16,73873,427.09
512,send,advertising,998,77,14,2004-11-1,21000,414.37
513,soldier,game,410,758,16,2004-06-1,63364,355.3
514,generation,advertising,837,401,14,2010-07-12,8558,375.91
515,project,mod,523,715,21,2004-11-1,23149,83.53
516,ability,dlc,271,94,18,2005-10-27,2885,445.44
517,voice,dlc,616,539,21,2006-05-1,92947,383.27
518,bank,game,837,283,16,2006-06-1,29069,26.01
519,office,advertising,328,959,21,2007-10-10,13907,482.08
520,respond,mod,533,55,21,2008-05-8,45326,470.66
521,visit,advertising,408,492,12,2007-10-10,35396,9.57
522,I,dlc,218,286,21,2007-10-10,1474,203.95
523,red,advertising,251,423,12,2008-11-17,17154,372.25
524,chance,mod,254,422,12,2009-11-16,11897,189.47
525,from,game,807,502,21,2013-07-9,5734,49.13
526,avoid,demo,408,493,18,2011-04-18,72666,487.21
527,fast,advertising,262,586,12,2010-07-19,65234,84.76
528,price,advertising,501,460,14,2012-10-20,40434,307.72
529,fall,advertising,478,72,12,2009-11-16,13405,256.5
530,common,advertising,619,528,12,2006-05-1,13615,291.81
531,sister,demo,377,411,16,2007-03-15,57181,18.54
532,study,mod,216,160,14,2007-07-18,34242,212.52
533,everything,game,456,455,12,2006-03-14,2694,180.95
534,herself,game,95,829,18,2008-10-17,8373,406.87
535,level,dlc,568,574,12,2009-05-14,96084,299.41
536,phone,mod,712,173,21,2009-06-9,4560,271.46
537,he,advertising,480,699,12,2006-05-10,4950,382.92
538,board,mod,907,609,12,2005-07-14,65247,251.37
539,lot,game,421,530,12,2006-08-23,42597,52.74
540,little,mod,708,456,16,2006-09-29,83325,462.27
541,human,demo,210,470,16,2008-09-19,12775,272.26
542,American,mod,252,520,18,2008-09-19,35412,135.24
543,difference,mod,493,287,18,2006-02-7,31756,29.19
544,help,advertising,50,751,16,2006-02-7,26004,258.5
545,within,game,209,994,21,2006-07-6,39471,201.28
546,can,advertising,992,211,21,2006-07-6,42315,431.44
547,strategy,game,776,55,12,2006-07-6,24840,113.23
548,interesting,mod,391,668,12,2006-07-26,36345,459.01
549,decade,demo,448,480,18,2006-10-16,87259,99.46
550,between,game,904,455,14,2007-04-4,44419,490.72
551,western,advertising,889,495,14,2012-07-10,71547,374.54
552,about,demo,203,422,16,2006-04-1,32132,499.16
553,blue,demo,120,477,12,2007-11-6,93797,108.65
554,return,dlc,214,793,16,2009-04-30,98134,151.92
555,set,demo,105,591,21,2006-11-24,36438,216.42
556,view,demo,232,514,21,2006-11-24,14462,103.05
557,deep,game,344,477,14,2007-09-7,25738,386.13
558,television,advertising,398,422,21,2007-06-22,88534,74.15
559,guy,mod,405,265,18,2006-11-7,84761,161.25
560,a,mod,453,114,18,2006-11-7,78365,276.77
561,small,mod,869,486,16,2009-11-12,21400,296.21
562,expect,advertising,685,13,21,2006-10-12,12175,135.53
563,else,dlc,150,575,16,2007-03-2,79014,151.42
564,foot,game,1017,472,21,2007-03-20,70564,127.19
565,product,mod,599,588,14,2007-03-9,25853,379.59
566,next,demo,222,31,14,2008-09-29,60956,352.34
567,just,game,502,460,16,2008-07-18,61768,407.68
568,well,advertising,38,673,21,2007-07-17,67764,156.1
569,good,advertising,574,278,16,2007-07-17,53875,270.9
570,article,game,362,699,12,2006-12-18,41615,163.06
571,box,demo,383,79,21,2006-11-15,35731,421.4
572,exist,advertising,416,112,21,2006-11-10,54765,453.19
573,career,game,369,657,14,2006-11-16,57117,375.94
574,bag,advertising,408,932,21,2007-03-6,65997,200.22
575,deep,demo,148,1016,18,2012-10-30,57680,21.72
576,send,mod,379,667,16,2008-07-24,57212,73.98
577,commercial,demo,199,121,16,2008-09-18,66712,7.14
578,very,advertising,153,425,21,2008-10-24,16872,129.76
579,bad,game,906,422,16,2009-01-16,21284,279.72
580,work,mod,419,970,21,2009-03-13,77319,377.37
581,cover,mod,611,601,18,2009-04-7,59802,168.71
582,occur,advertising,82,443,14,2009-04-27,90995,42.91
583,population,dlc,627,416,21,2009-06-9,85399,226.58
584,every,demo,154,968,21,2009-06-26,9999,33.82
585,fly,advertising,477,636,12,2009-07-31,42030,329.31
586,consider,demo,501,1015,21,2009-08-5,90273,116.91
587,they,advertising,161,571,16,2009-08-12,86477,301.59
588,Mrs,mod,248,59,12,2009-08-18,44218,104.59
589,state,mod,422,189,14,2009-09-1,40143,140.16
590,society,advertising,597,801,18,2009-10-16,62988,142.0
591,lay,demo,408,460,12,2009-11-11,61454,214.3
592,example,advertising,130,776,21,2010-01-5,54513,294.68
593,well,advertising,913,460,18,2010-02-16,26966,16.71
594,up,game,249,637,21,2010-02-9,69921,343.16
595,kid,advertising,964,153,12,2010-02-18,13777,22.16
596,will,demo,408,947,16,2010-03-15,59502,372.09
597,might,game,543,303,14,2010-03-9,39268,177.97
598,point,advertising,393,152,16,2010-05-14,96248,60.94
599,high,game,517,614,16,2010-06-16,12004,310.71
600,research,mod,140,502,12,2010-07-26,65719,115.27
601,cell,mod,214,758,16,2010-07-23,66719,164.36
602,meeting,game,455,558,18,2010-08-17,74342,52.35
603,show,game,171,343,21,2010-08-27,99756,91.69
604,another,advertising,599,275,18,2010-09-23,58551,170.52
605,raise,mod,201,715,14,2010-09-30,96604,114.14
606,former,mod,56,528,16,2010-10-14,35702,397.5
607,read,advertising,477,422,12,2010-10-25,92164,11.66
608,leg,dlc,90,364,18,2010-10-26,89533,106.35
609,growth,advertising,114,343,12,2008-05-16,45784,51.69
610,money,dlc,1011,673,12,2008-06-17,3439,197.94
611,speech,demo,413,369,18,2008-06-17,21051,429.05
612,money,mod,98,629,12,2008-06-17,85895,353.87
613,young,mod,217,678,21,2008-12-18,62222,145.66
614,important,game,345,345,12,2010-12-15,59873,133.18
615,personal,advertising,136,356,18,2007-10-15,6806,54.09
616,go,game,641,674,12,2009-10-16,73614,71.12
617,picture,dlc,4,382,18,2008-06-25,99681,298.67
618,woman,dlc,421,725,21,2008-09-1,21717,330.39
619,such,mod,193,855,18,2008-10-22,28148,29.56
620,land,dlc,471,671,18,2008-09-18,3817,282.62
621,economy,mod,641,217,16,2008-10-23,90669,58.2
622,ago,mod,88,501,18,2009-09-23,12532,135.06
623,task,game,163,715,21,2009-10-9,99439,294.32
624,lot,dlc,578,587,21,2009-10-16,30810,217.19
625,person,mod,456,451,16,2012-12-12,92005,269.74
626,receive,game,436,789,21,2007-07-24,50579,248.24
627,clear,advertising,123,751,21,2010-02-9,91156,198.31
628,meet,mod,366,268,16,2009-05-29,77505,122.93
629,sport,demo,1017,485,18,2009-05-29,79595,47.18
630,town,dlc,501,413,16,2009-05-29,92804,398.41
631,media,advertising,433,398,12,2009-05-29,75897,244.11
632,former,mod,84,77,12,2007-08-3,88755,76.71
633,part,mod,466,695,16,2007-08-3,16193,333.02
634,without,advertising,180,26,21,2007-08-3,40846,121.65
635,happy,advertising,748,1,12,2007-08-3,39997,384.51
636,community,advertising,179,477,16,2007-08-3,42114,414.15
637,red,mod,472,936,18,2007-08-3,88356,51.91
638,information,advertising,520,357,21,2007-08-3,88137,209.22
639,animal,demo,1011,196,12,2007-08-3,15070,422.89
640,memory,demo,236,788,14,2007-08-3,76410,43.99
641,financial,advertising,219,361,12,2007-07-17,87993,207.8
642,benefit,game,166,11,16,2007-08-21,45262,166.17
643,culture,demo,384,425,16,2007-08-21,46700,477.51
644,create,mod,283,523,14,2011-09-28,9831,191.05
645,news,game,460,788,14,2007-12-13,52203,241.2
646,sign,advertising,456,217,16,2008-01-23,15994,291.33
647,behavior,dlc,455,638,18,2008-02-29,25931,388.56
648,box,demo,408,519,12,2007-07-20,22950,1.78
649,human,demo,803,408,21,2008-01-3,48039,450.12
650,defense,demo,143,587,14,2008-03-12,80407,384.51
651,green,mod,73,102,14,2008-03-12,39081,280.89
652,turn,demo,456,385,14,2008-03-12,65940,278.19
653,own,game,531,75,21,2008-03-12,79076,120.54
654,music,advertising,623,489,21,2008-03-12,31891,40.27
655,likely,mod,456,181,18,2009-05-6,448,180.23
656,build,mod,74,222,16,2009-06-16,94722,247.33
657,true,dlc,411,377,16,2011-06-14,22165,78.78
658,southern,game,568,415,12,2014-05-22,33035,29.49
659,subject,game,422,776,16,2010-09-22,37165,249.27
660,customer,mod,586,415,16,2010-09-28,46131,403.83
661,itself,advertising,571,770,18,2011-05-11,80410,7.98
662,again,mod,957,309,12,2010-11-10,90442,267.37
663,industry,demo,511,1017,14,2008-05-16,72161,283.43
664,us,demo,111,198,18,2009-01-7,80965,12.16
665,whether,advertising,453,906,21,2009-07-23,4179,482.61
666,heart,dlc,861,159,18,2012-02-17,31144,454.07
667,turn,mod,15,500,21,2011-10-28,45521,337.1
668,Mrs,demo,340,20,21,2011-10-28,80366,494.87
669,group,dlc,945,673,18,2011-10-28,91437,88.85
670,green,demo,272,125,18,2011-10-28,88186,324.73
671,already,mod,446,295,16,2014-02-14,16153,363.8
672,travel,advertising,317,994,16,2008-02-13,44975,169.69
673,management,demo,831,456,12,2008-01-18,81329,367.16
674,lawyer,advertising,232,906,16,2008-07-9,4142,76.14
675,really,mod,192,813,12,2008-02-13,62019,79.08
676,certainly,advertising,879,422,21,2008-06-27,26182,239.9
677,you,advertising,179,809,21,2008-08-26,85601,458.03
678,car,dlc,501,792,21,2006-07-6,46711,380.36
679,agree,mod,511,1009,14,2006-07-6,79877,272.81
680,answer,dlc,487,992,14,2008-10-24,7572,459.51
681,her,demo,385,513,12,2008-10-23,84182,12.34
682,person,advertising,185,1017,12,2009-02-10,86497,39.01
683,rate,mod,397,263,21,2009-02-23,52336,408.75
684,by,mod,252,616,18,2009-06-16,11295,106.29
685,country,dlc,291,336,18,2009-06-16,14716,140.3
686,issue,advertising,422,493,21,2009-06-16,34973,480.16
687,daughter,advertising,581,466,21,2009-06-16,84757,169.04
688,artist,game,533,17,16,2009-12-3,56225,158.03
689,raise,game,43,458,16,2008-01-29,16025,498.04
690,night,demo,689,523,14,2008-01-29,20905,175.99
691,painting,mod,846,906,12,2008-01-29,31315,251.96
692,account,advertising,95,671,21,2008-01-29,15163,279.06
693,front,dlc,302,421,14,2008-07-29,12307,184.51
694,charge,mod,530,422,14,2008-07-29,50724,125.09
695,TV,game,4,547,16,2008-07-29,23729,235.27
696,plant,demo,519,15,12,2008-07-29,86962,212.73
697,religious,advertising,314,516,18,2008-07-29,15289,240.36
698,radio,game,174,498,16,2008-07-29,31861,197.82
699,simple,demo,467,316,12,2009-03-9,72017,191.66
700,computer,demo,946,1009,16,2009-07-17,12450,22.62
701,out,mod,937,483,16,2009-07-7,19486,390.32
702,magazine,demo,471,448,14,2008-02-28,89733,328.78
703,front,demo,63,630,18,2008-02-29,18691,43.46
704,kid,game,959,408,12,2009-06-18,75164,477.84
705,improve,mod,453,456,12,2009-11-16,55547,443.31
706,save,mod,987,483,14,2008-02-15,30394,43.9
707,why,game,475,143,14,2008-02-15,38231,472.07
708,scientist,game,247,225,12,2008-03-21,67277,247.15
709,person,demo,899,571,14,2009-06-17,62713,267.68
710,upon,advertising,530,411,12,2008-03-17,43806,494.48
711,particularly,mod,4,517,21,2009-03-5,71263,31.59
712,now,demo,453,17,21,2004-03-17,21733,354.36
713,brother,dlc,520,422,21,2008-03-17,74051,331.87
714,account,game,557,101,18,2008-03-17,88379,395.94
715,piece,advertising,293,517,16,2008-07-15,21651,16.83
716,partner,game,53,156,14,2008-04-9,7985,271.52
717,think,game,588,24,12,2008-04-1,8975,71.27
718,exist,dlc,563,425,16,2005-03-29,27441,436.51
719,hard,dlc,487,639,16,2009-02-13,22494,191.17
720,after,advertising,420,448,21,2008-07-15,27183,292.49
721,civil,demo,258,225,12,2008-05-22,98920,24.12
722,adult,dlc,712,724,16,2008-05-28,99017,330.0
723,describe,demo,89,145,21,2009-01-29,24486,293.62
724,and,demo,998,963,12,2008-07-1,87564,55.23
725,sense,mod,421,439,14,2008-07-1,24021,122.7
726,strategy,mod,456,141,14,2009-05-1,26409,211.47
727,final,dlc,671,601,16,2008-12-1,9317,14.95
728,dark,dlc,422,323,14,2008-09-23,18247,320.06
729,hot,demo,788,67,21,2018-08-14,61419,15.46
730,find,mod,319,499,21,2011-06-14,18758,380.16
731,within,game,662,390,12,2012-06-27,73966,406.71
732,its,dlc,315,238,16,2008-07-8,20758,73.7
733,season,game,688,881,16,2008-07-8,22384,148.55
734,some,game,257,744,18,2008-09-22,29219,215.77
735,brother,advertising,427,265,14,2008-09-30,45921,319.12
736,street,advertising,94,346,14,2008-11-19,77453,399.46
737,exactly,dlc,500,299,14,2008-09-17,48001,456.31
738,west,game,78,126,14,2008-12-19,82946,357.39
739,front,advertising,419,758,12,2009-11-6,90113,137.59
740,list,mod,248,144,16,2008-10-3,99603,441.84
741,amount,advertising,495,213,12,2008-10-3,55814,242.18
742,bar,mod,732,1019,21,2008-10-3,61458,226.27
743,meet,dlc,31,511,16,2008-10-3,37905,36.84
744,television,demo,445,385,16,2009-02-6,92563,391.92
745,something,advertising,964,456,12,2010-02-12,38554,405.78
746,economic,dlc,967,456,16,2009-02-6,85179,108.82
747,another,game,675,393,14,2008-10-3,36010,326.38
748,among,dlc,910,460,12,2011-09-26,72378,428.34
749,song,dlc,415,198,18,2009-07-20,95220,170.87
750,though,demo,459,571,12,2008-07-28,61672,16.49
751,marriage,demo,517,408,14,2008-07-7,58388,182.67
752,hotel,game,308,260,18,2008-07-7,10334,199.09
753,billion,game,206,233,12,2008-06-11,42051,464.58
754,eat,dlc,188,838,16,2008-11-7,18150,83.55
755,threat,game,264,474,12,2011-10-11,50640,87.16
756,by,dlc,502,253,21,2009-11-4,84891,107.12
757,small,dlc,967,668,14,2008-10-20,1782,236.47
758,cultural,game,243,609,16,2008-06-20,95864,29.59
759,explain,game,495,649,16,2010-03-15,15636,336.61
760,old,demo,989,501,12,2009-03-4,13587,151.94
761,to,demo,453,36,16,2008-09-30,65430,37.74
762,decide,demo,102,339,18,2008-09-30,26595,300.58
763,political,mod,102,626,21,2008-10-3,15431,168.26
764,resource,dlc,86,268,12,2008-10-2,92958,176.82
765,cut,dlc,224,410,21,2009-01-30,95423,477.35
766,painting,advertising,813,208,12,2009-03-9,78414,493.85
767,hotel,demo,273,516,18,2009-03-9,15257,15.27
768,piece,dlc,389,446,18,2009-04-7,15379,373.57
769,interview,game,72,516,14,2009-03-24,53894,405.68
770,different,demo,986,269,21,2009-07-28,22686,424.89
771,student,mod,607,193,18,2009-08-24,62972,297.91
772,model,mod,762,984,18,2008-12-4,11358,171.48
773,change,advertising,428,1018,12,2009-03-18,38770,381.13
774,every,advertising,946,376,12,2008-12-4,26109,424.85
775,hot,mod,587,586,18,2009-05-27,70132,470.07
776,pattern,game,79,762,21,2008-10-13,6447,3.43
777,focus,mod,297,751,14,2008-10-16,72739,423.38
778,collection,mod,501,460,21,2008-11-3,1070,239.26
779,leader,game,141,639,16,2008-11-3,48387,205.34
780,rate,game,287,303,16,2009-01-23,18198,187.0
781,hotel,dlc,976,883,21,2009-01-23,64043,179.8
782,center,mod,291,556,12,2009-02-15,8312,362.53
783,million,demo,149,239,18,2009-02-15,61589,299.36
784,drug,demo,515,4,18,2009-02-15,26971,442.28
785,her,advertising,344,670,14,2009-03-6,3046,63.44
786,add,game,237,285,18,2009-04-21,82404,164.44
787,explain,game,684,832,18,2009-05-1,21601,85.95
788,month,game,632,12,14,2011-05-9,9417,426.95
789,sign,dlc,586,149,12,2011-05-9,65002,356.65
790,culture,dlc,512,690,12,2009-12-17,34073,127.11
791,information,game,416,408,21,2009-02-11,22538,258.01
792,likely,advertising,1003,467,14,2010-06-11,22979,341.45
793,professor,game,694,525,16,2011-06-13,35122,140.21
794,leader,advertising,1017,125,14,2010-05-27,39662,56.25
795,great,dlc,991,140,14,2010-09-22,99044,167.02
796,middle,game,555,702,16,2010-09-22,24901,461.3
797,kind,demo,271,727,21,2010-11-17,32039,64.19
798,other,advertising,386,98,14,2010-08-26,3107,451.6
799,skin,demo,908,900,16,2009-08-10,1692,331.65
800,new,advertising,849,314,14,2009-11-24,13695,234.06
801,foreign,game,556,438,18,2009-10-6,88977,480.32
802,before,demo,321,957,12,2010-01-28,86675,472.39
803,financial,dlc,45,128,18,2017-10-16,86567,33.96
804,ball,mod,134,190,12,2010-10-8,30576,272.91
805,nation,mod,530,1,14,2009-10-15,79160,132.87
806,marriage,dlc,474,702,18,2009-02-10,63777,90.22
807,especially,dlc,167,454,14,2009-02-11,39518,386.04
808,choose,advertising,485,770,16,2010-07-12,23079,485.81
809,they,mod,363,12,16,2009-09-17,7523,116.97
810,public,dlc,386,124,18,2009-09-17,95157,432.26
811,much,demo,517,781,18,"Aug 16, 2010",238,404.04
812,well,demo,448,140,16,2009-02-4,69982,463.08
813,laugh,game,732,206,21,2011-06-23,1138,367.97
814,deal,game,152,444,21,2009-02-4,66850,333.48
815,ago,dlc,119,182,18,2009-04-7,29195,70.06
816,expect,game,230,408,16,2010-06-4,51799,204.48
817,unit,game,415,146,18,2009-04-29,95109,469.65
818,write,mod,901,113,18,2009-08-7,77733,432.72
819,center,demo,455,360,14,2009-05-1,44876,126.28
820,institution,dlc,113,1021,16,2009-07-9,16801,32.83
821,very,demo,228,180,18,2009-07-31,53393,370.93
822,hospital,dlc,369,852,12,2009-07-31,22105,331.96
823,computer,advertising,44,157,14,2010-02-18,61751,396.03
824,light,mod,437,664,21,2009-09-17,36695,253.1
825,plant,mod,684,189,21,2009-09-4,90427,416.78
826,new,game,181,456,14,2009-03-9,87084,242.01
827,help,game,480,546,12,2009-03-13,92132,270.78
828,individual,mod,574,226,14,2009-04-14,82518,239.7
829,quite,dlc,232,413,16,2009-04-14,77608,142.58
830,exactly,game,527,209,14,2009-04-22,89478,152.5
831,bed,mod,515,365,18,2009-04-22,53384,424.14
832,past,demo,224,861,16,2009-04-10,16803,56.38
833,practice,dlc,121,342,21,2009-04-11,50944,303.43
834,cut,advertising,624,671,21,2009-05-6,53690,105.59
835,room,mod,355,471,14,2009-05-6,99503,342.33
836,whether,demo,585,170,16,2009-03-18,89333,417.82
837,per,advertising,408,199,12,2009-11-12,74932,267.8
838,strong,mod,639,422,16,2009-03-19,90546,12.66
839,win,mod,780,757,18,2009-03-19,87215,232.62
840,because,game,324,422,18,2009-03-19,6425,94.62
841,then,game,739,251,21,2009-06-10,7287,489.2
842,security,mod,787,689,12,2009-08-18,38487,271.88
843,short,demo,468,227,16,2009-08-18,53323,54.95
844,sport,dlc,715,171,16,2009-04-22,27723,236.35
845,within,game,408,718,16,2009-04-22,59160,356.78
846,drop,demo,295,136,21,2009-04-22,80030,261.38
847,off,demo,639,532,14,2009-04-22,34360,298.12
848,degree,game,68,31,16,2010-10-8,24862,62.41
849,could,game,1000,362,14,2009-03-19,37417,266.57
850,west,mod,28,1009,21,2009-12-1,10057,366.99
851,available,advertising,239,801,18,2009-08-13,14977,32.49
852,cost,demo,689,441,16,2010-02-25,42343,101.58
853,early,demo,305,360,16,2011-01-14,80992,152.04
854,possible,game,377,148,12,2009-07-24,65269,327.53
855,professional,game,1002,1014,21,2009-07-24,40025,72.5
856,learn,demo,234,529,12,2009-09-11,58431,366.92
857,south,game,394,773,21,2009-09-14,43955,40.03
858,shoulder,mod,799,125,14,2010-11-18,44067,431.11
859,stage,dlc,715,255,12,2009-12-2,6213,47.03
860,evening,advertising,425,595,18,2009-12-2,8781,169.54
861,same,game,535,422,21,2009-11-25,31769,117.56
862,probably,game,1022,125,14,2010-05-28,97667,267.22
863,contain,demo,144,246,14,2010-05-28,52305,153.51
864,worker,game,448,408,21,2010-06-7,84626,6.18
865,modern,game,864,49,16,2009-09-23,84651,155.42
866,point,mod,533,658,16,2010-02-22,89338,241.27
867,respond,dlc,935,386,14,2011-02-16,57126,87.59
868,piece,advertising,49,123,18,2011-05-13,48527,79.14
869,sister,mod,27,738,12,2011-06-9,62626,409.83
870,present,advertising,25,702,18,2010-06-29,5072,457.49
871,she,advertising,501,500,12,2010-11-5,6339,226.27
872,get,demo,737,40,18,2010-07-20,42795,82.65
873,rock,game,502,770,18,2010-11-5,72100,349.3
874,see,mod,649,377,12,2010-11-5,16185,17.09
875,always,game,437,907,16,2010-06-1,99579,489.0
876,first,mod,899,38,21,2010-03-10,47557,386.25
877,describe,game,421,1004,21,2010-02-18,57238,252.49
878,pattern,demo,532,459,14,2010-02-3,64150,63.98
879,perform,game,349,278,16,2010-06-1,644,281.56
880,learn,demo,523,246,18,2011-02-22,7075,124.28
881,center,game,302,640,16,2009-05-20,62697,111.02
882,base,game,200,512,14,2009-08-7,50754,452.64
883,city,demo,968,555,18,2009-08-28,77942,348.03
884,nothing,dlc,274,1020,18,2006-10-25,13694,461.59
885,catch,dlc,513,138,16,2007-04-6,82163,388.66
886,large,mod,588,793,21,2007-07-24,40251,274.44
887,capital,advertising,240,393,16,2008-09-23,23988,20.47
888,company,game,322,495,14,2009-06-4,26644,164.84
889,realize,dlc,854,507,21,2009-06-4,40160,64.06
890,kind,mod,319,865,21,2009-08-3,38675,24.61
891,season,mod,533,225,18,2009-11-17,3220,297.05
892,let,demo,245,445,18,2013-06-25,89199,345.24
893,continue,mod,930,586,14,2009-07-20,41586,393.47
894,wait,game,460,460,16,2009-07-20,60156,326.56
895,plan,game,51,959,12,2010-07-19,29752,40.13
896,important,dlc,688,334,14,2010-07-20,24051,192.1
897,nor,dlc,668,421,14,2009-08-19,31911,445.31
898,rest,mod,261,416,21,2010-03-4,39468,466.82
899,easy,dlc,1006,156,18,2010-09-28,6526,144.16
900,such,demo,204,408,16,2010-01-7,21187,374.21
901,guess,game,846,696,12,2009-09-25,21000,360.07
902,serve,mod,843,24,16,2009-08-11,16930,120.17
903,pick,game,456,1017,18,2009-09-3,61660,305.07
904,go,game,305,204,18,2009-08-24,94975,140.86
905,short,advertising,316,149,21,2009-08-24,55775,358.18
906,success,demo,331,4,18,2009-08-24,21037,421.55
907,station,demo,29,409,18,2009-08-24,69915,20.7
908,want,demo,223,193,21,2009-08-24,89240,18.23
909,factor,mod,427,229,14,2009-08-24,38510,314.58
910,scientist,mod,338,455,14,2009-08-24,56588,8.56
911,network,dlc,369,98,21,2009-08-24,61460,248.63
912,behavior,demo,453,522,12,2009-08-24,98162,474.32
913,significant,demo,376,84,18,2009-08-24,70842,74.04
914,power,game,595,50,14,2009-12-17,79143,449.4
915,deal,advertising,579,259,21,2009-12-17,91940,379.57
916,as,dlc,435,743,18,2009-12-17,2076,81.62
917,campaign,game,52,406,14,2009-12-17,21465,2.21
918,state,game,706,409,16,2009-12-17,32617,384.18
919,hair,mod,203,4,14,2010-02-15,16751,227.68
920,leg,mod,20,846,21,2010-02-15,90945,235.58
921,difference,mod,172,480,18,2010-02-15,43437,478.97
922,exactly,mod,568,959,21,2010-02-15,56660,175.07
923,by,demo,111,471,18,2010-02-15,13205,406.28
924,state,demo,472,844,12,2010-02-20,79290,15.82
925,throughout,demo,367,645,14,2010-02-20,38256,308.28
926,than,mod,478,126,18,2010-02-20,77845,247.33
927,will,advertising,695,478,14,2009-08-26,8350,444.37
928,arm,dlc,479,435,18,2009-12-17,14067,216.54
929,pick,demo,332,388,16,2010-01-27,17338,138.68
930,either,demo,505,571,18,2010-08-10,73703,421.78
931,his,advertising,523,425,16,2009-08-19,60187,36.4
932,east,mod,4,118,18,2009-08-19,86000,214.52
933,eye,game,551,184,18,2009-08-19,39354,137.45
934,country,mod,416,49,14,2009-08-19,22521,118.87
935,air,advertising,562,846,16,2009-08-19,88338,17.82
936,doctor,dlc,286,470,21,2009-09-17,93435,82.58
937,one,mod,63,484,12,2009-09-17,20533,176.06
938,clear,game,383,221,18,2009-11-4,1512,37.36
939,ok,demo,300,262,16,2010-09-13,48462,227.99
940,fill,dlc,4,37,16,2010-09-17,60107,47.36
941,seat,mod,878,408,18,2010-01-28,433,120.57
942,view,demo,32,562,16,2010-06-15,22118,398.63
943,huge,game,718,906,18,2010-12-3,14134,478.63
944,fly,game,119,256,12,2010-12-3,16499,12.7
945,risk,advertising,983,93,16,2011-08-11,26140,412.59
946,smile,demo,931,448,18,2011-08-11,73241,63.86
947,hope,game,232,450,14,2009-08-25,657,496.12
948,pressure,advertising,316,748,16,2010-09-23,1582,278.07
949,seven,game,973,422,14,2010-07-6,19054,89.01
950,new,advertising,879,307,14,2009-11-18,94962,13.14
951,think,game,662,1008,14,2011-03-1,12389,155.95
952,child,demo,272,71,12,2011-06-6,55566,100.73
953,parent,dlc,20,278,14,2009-09-23,14427,340.71
954,likely,mod,90,252,16,2010-11-17,78817,76.46
955,lose,dlc,594,246,12,2011-04-21,26576,438.52
956,yet,dlc,181,72,12,2009-11-16,97666,371.8
957,letter,game,630,394,18,2009-11-16,68633,219.4
958,part,demo,131,485,12,2011-01-27,82123,404.19
959,score,demo,408,402,21,2010-04-8,48169,81.12
960,something,demo,425,392,16,2010-04-8,68141,285.55
961,feel,demo,641,260,12,2011-05-31,94603,170.59
962,population,advertising,312,453,16,2012-06-12,78153,153.78
963,million,game,511,187,21,2011-10-3,69625,283.81
964,town,advertising,335,478,18,2011-06-13,4512,56.99
965,condition,demo,862,614,16,2009-11-19,47644,77.48
966,teacher,mod,906,715,18,2011-07-25,80061,415.49
967,perform,game,464,262,12,2011-07-25,8234,250.0
968,year,game,225,60,14,2011-07-25,79331,467.27
969,really,dlc,470,21,12,2010-06-14,7037,375.75
970,visit,game,562,535,14,May 2010,2284,270.98
971,wrong,advertising,100,433,12,2010-08-27,88231,458.36
972,trade,demo,602,146,21,2010-11-2,15064,58.16
973,perhaps,demo,945,411,18,2009-10-27,79924,191.35
974,democratic,game,700,306,21,2009-11-11,13163,32.01
975,prove,game,498,261,12,2009-12-8,96645,182.42
976,although,mod,836,553,21,2010-02-23,55180,393.7
977,baby,game,150,276,16,2010-06-4,56740,166.66
978,send,mod,4,103,18,2010-06-7,57358,42.48
979,population,mod,448,862,16,2011-01-25,36416,449.07
980,those,game,323,191,12,2010-10-8,26568,46.17
981,Mr,advertising,310,411,16,2009-12-3,12383,410.68
982,mean,mod,320,422,12,2009-11-17,38920,40.74
983,fly,game,80,776,12,2009-10-20,2080,353.24
984,section,demo,188,183,16,2010-08-30,11882,122.84
985,gas,advertising,450,529,14,2010-08-20,54703,100.87
986,especially,dlc,805,1018,14,2012-11-30,56868,434.67
987,effort,demo,852,50,18,2009-10-30,30318,352.14
988,perhaps,mod,285,85,18,2010-03-16,66188,388.14
989,teacher,game,388,592,16,2011-10-24,91399,4.85
990,institution,mod,998,82,12,2010-04-19,24666,81.73
991,stay,demo,190,62,21,2010-01-13,86933,380.2
992,same,mod,970,157,16,2010-01-22,72397,308.89
993,should,demo,104,422,18,2010-01-22,94390,244.07
994,kind,dlc,61,287,21,2010-01-22,47321,243.69
995,final,advertising,468,409,14,2010-02-19,23006,353.93
996,reflect,mod,963,450,12,2010-03-2,19297,203.06
997,deal,game,448,493,14,2010-03-2,70326,212.5
998,long,advertising,422,987,12,2010-03-2,72512,499.84
999,yeah,advertising,352,256,18,2010-07-9,8468,293.3
1000,attention,dlc,89,714,21,2010-07-9,42772,196.92
