id,name,manufacturer,type,year_production
1,PlayStation,1,игровая приставка,1982
2,PlayStation 2,1,игровая система,1990
3,PlayStation 3,1,домашняя игровая приставка,2007
4,PlayStation 4,1,игровая консоль,2013
5,PlayStation 5,1,игровая приставка,2020
6,PlayStation Portable,1,портативная игровая консоль,2004
7,PocketStation,1,периферийное устройство,1999
8,PlayStation Vita,1,портативная консоль,2011
9,Xbox,216,игровая приставка,2002
10,Xbox 360,1,игровая приставка,2007
11,Xbox One,1,игровая приставка,1985
12,Xbox Series X/S,1,игровая приставка,2020
13,Nintendo Entertainment System,215,игровая приставка,1980
14,Super Nintendo Entertainment System,215,игровая приставка,1991
15,Nintendo 64,215,игровая приставка,1990
16,Nintendo GameCube,215,игровая приставка,2002
17,Wii,215,игровая приставка,2006
18,Wii U,215,игровая приставка,1983
19,Nintendo Switch,215,игровая консоль,1990
20,Nintendo Switch,215,игровая консоль,1985
21,Nintendo 2DS,215,портативная консоль,2013
22,Nintendo 3DS,215,портативная консоль,2011
23,Nintendo DS Lite,215,портативная игровая система,2006
24,Game Boy Micro,215,портативная игровая система,2005
25,Nintendo DS,215,портативная игровая система,2005
26,Magnavox Odyssey,1,игровая приставка,1972
27,Coleco Telstar,407,игровая приставка,1976
28,whatever5,369,портативная консоль,1986
29,her6,411,домашная консоль,2017
30,skill2,408,домашная консоль,2018
31,make2,564,игровая консоль,2007
32,guy10,551,периферийное устройство,2019
33,wide4,256,портативная консоль,2008
34,happen7,532,игровая консоль,1990
35,stay8,391,портативная консоль,2019
36,large10,529,периферийное устройство,2016
37,me7,643,гибридная консоль,2003
38,party7,197,стационарная консоль,2014
39,middle6,75,стационарная консоль,1992
40,partner4,706,портативная консоль,2005
41,tree3,829,стационарная консоль,1998
42,specific1,408,периферийное устройство,2018
43,much2,516,игровая консоль,2004
44,early8,344,стационарная консоль,1985
45,politics2,708,домашная консоль,2012
46,religious9,409,портативная консоль,2006
47,surface8,495,стационарная консоль,2021
48,attention6,776,игровая консоль,2000
49,above6,105,гибридная консоль,2005
50,myself7,518,игровая консоль,1980
51,magazine8,215,гибридная консоль,1993
52,line1,828,стационарная консоль,2005
53,third9,487,портативная консоль,2021
54,course10,224,гибридная консоль,2006
55,effect1,666,периферийное устройство,1993
56,begin6,498,стационарная консоль,2005
57,put9,725,гибридная консоль,2011
58,she8,1005,портативная консоль,1987
59,find5,970,стационарная консоль,2008
60,central1,4,стационарная консоль,2008
61,spring6,715,периферийное устройство,2004
62,hotel9,182,гибридная консоль,2017
63,stuff5,1023,домашная консоль,2005
64,able5,936,гибридная консоль,1982
65,fire8,425,периферийное устройство,2020
66,light2,712,периферийное устройство,1984
67,yes3,364,стационарная консоль,1991
68,keep4,781,периферийное устройство,1985
69,pass10,300,периферийное устройство,2006
70,tree10,996,периферийное устройство,2002
71,or9,413,портативная консоль,2021
72,child1,456,игровая консоль,2018
73,science10,415,гибридная консоль,1998
74,stuff5,636,игровая консоль,2002
75,rule6,571,игровая консоль,2000
76,southern1,343,стационарная консоль,2000
77,go1,556,портативная консоль,2018
78,discussion9,498,портативная консоль,1987
79,without5,453,домашная консоль,2003
80,seem2,422,периферийное устройство,2022
81,majority10,24,гибридная консоль,1995
82,product6,455,стационарная консоль,2011
83,family5,25,домашная консоль,2000
84,budget10,437,игровая консоль,2010
85,yeah6,230,портативная консоль,1992
86,go1,142,портативная консоль,1980
87,treatment8,273,гибридная консоль,2011
88,store3,374,периферийное устройство,1994
89,bring1,729,гибридная консоль,1998
90,kind8,573,стационарная консоль,2013
91,out6,1003,домашная консоль,1983
92,run8,533,стационарная консоль,1998
93,article4,34,домашная консоль,1985
94,fall5,455,гибридная консоль,1989
95,treat10,776,домашная консоль,1990
96,set9,102,гибридная консоль,2007
97,country1,362,периферийное устройство,1986
98,happy1,472,периферийное устройство,2009
99,population9,780,периферийное устройство,2022
100,outside5,453,игровая консоль,2020
101,technology8,124,игровая консоль,2019
102,test2,29,периферийное устройство,1996
103,very9,517,гибридная консоль,1986
104,behind2,425,гибридная консоль,1987
105,fast2,422,периферийное устройство,2005
106,operation7,422,гибридная консоль,2005
107,same6,530,игровая консоль,1995
108,activity8,987,стационарная консоль,2011
109,rate7,712,игровая консоль,2019
110,go8,411,гибридная консоль,2005
111,imagine10,411,игровая консоль,2011
112,control4,940,игровая консоль,2010
113,face8,1017,гибридная консоль,1982
114,guy9,216,гибридная консоль,2022
115,over10,678,периферийное устройство,1980
116,kind6,516,домашная консоль,2001
117,rise6,787,стационарная консоль,2006
118,management9,1012,периферийное устройство,2018
119,some2,492,игровая консоль,2014
120,style1,498,портативная консоль,1993
121,because1,987,портативная консоль,2016
122,though2,588,гибридная консоль,2016
123,who2,173,стационарная консоль,2017
124,box3,425,портативная консоль,2021
125,relationship1,408,портативная консоль,2006
126,more6,281,стационарная консоль,1983
127,today1,1003,гибридная консоль,1985
128,style4,876,игровая консоль,1981
129,eight1,202,периферийное устройство,1991
130,fly4,1005,портативная консоль,1996
131,half10,54,гибридная консоль,2000
132,assume7,533,периферийное устройство,2013
133,better1,90,периферийное устройство,2004
134,here3,23,игровая консоль,2017
135,skin8,712,портативная консоль,2020
136,consumer7,996,портативная консоль,1986
137,law6,59,игровая консоль,2013
138,wear1,472,периферийное устройство,2001
139,although9,202,домашная консоль,1989
140,debate6,603,гибридная консоль,1982
141,course7,363,периферийное устройство,1995
142,bad9,502,портативная консоль,2017
143,story2,871,гибридная консоль,2003
144,relationship8,292,стационарная консоль,2017
145,strategy9,415,игровая консоль,1992
146,fire10,420,гибридная консоль,2008
147,sell6,13,стационарная консоль,2004
148,friend8,537,периферийное устройство,2005
149,capital8,475,стационарная консоль,2019
150,policy2,283,гибридная консоль,2006
151,bring3,425,домашная консоль,2010
152,service6,537,стационарная консоль,2002
153,consumer6,448,портативная консоль,2004
154,society3,369,домашная консоль,1987
155,right10,571,периферийное устройство,2004
156,eat5,190,домашная консоль,2021
157,possible8,456,игровая консоль,2012
158,recognize1,760,домашная консоль,1984
159,sense5,323,домашная консоль,2010
160,will1,100,стационарная консоль,1999
161,free6,470,игровая консоль,1986
162,sign1,829,гибридная консоль,1995
163,after3,379,гибридная консоль,1980
164,situation7,528,стационарная консоль,1998
165,campaign2,381,игровая консоль,2015
166,blue2,745,стационарная консоль,2003
167,including10,526,игровая консоль,1982
168,leg2,295,домашная консоль,1991
169,old8,801,портативная консоль,2002
170,keep2,802,портативная консоль,2017
171,mother3,29,стационарная консоль,2010
172,view4,43,домашная консоль,2022
173,animal5,513,портативная консоль,1987
174,skin7,891,стационарная консоль,1984
175,let2,829,стационарная консоль,2017
176,TV9,571,портативная консоль,2009
177,myself6,402,игровая консоль,1999
178,energy9,650,периферийное устройство,1981
179,director5,456,гибридная консоль,1989
180,special7,75,портативная консоль,2012
181,style6,252,гибридная консоль,2004
182,card10,247,стационарная консоль,1982
183,store8,773,игровая консоль,2018
184,commercial5,79,домашная консоль,1989
185,the4,453,домашная консоль,1982
186,eat4,512,периферийное устройство,2014
187,factor10,712,игровая консоль,2019
188,staff2,1003,стационарная консоль,2015
189,stop3,959,периферийное устройство,1992
190,no6,807,стационарная консоль,1981
191,million1,254,портативная консоль,2015
192,turn3,687,стационарная консоль,2000
193,building2,523,портативная консоль,2016
194,some8,480,стационарная консоль,2004
195,against8,1002,домашная консоль,2020
196,would7,434,гибридная консоль,1993
197,somebody9,388,портативная консоль,1980
198,road10,383,домашная консоль,2015
199,with10,595,портативная консоль,2020
200,threat8,453,игровая консоль,1994
201,thing8,562,стационарная консоль,2020
202,case4,126,периферийное устройство,1997
203,part8,380,гибридная консоль,1994
204,man8,302,периферийное устройство,2018
205,reveal10,247,гибридная консоль,1993
206,resource9,422,гибридная консоль,2011
207,tree6,734,игровая консоль,2021
208,ago8,411,портативная консоль,2011
209,either4,715,гибридная консоль,1994
210,agreement6,657,стационарная консоль,1999
211,happen8,157,гибридная консоль,1986
212,teach10,994,стационарная консоль,2012
213,ahead3,44,периферийное устройство,1996
214,discussion10,763,домашная консоль,1997
215,yes8,453,периферийное устройство,1993
216,friend9,194,игровая консоль,1985
217,note6,963,стационарная консоль,2000
218,agency10,149,стационарная консоль,2010
219,class6,571,периферийное устройство,2013
220,cup6,42,портативная консоль,1998
221,throw8,114,домашная консоль,2002
222,whatever2,884,игровая консоль,1992
223,Republican6,284,стационарная консоль,1987
224,whom5,4,игровая консоль,2014
225,red3,535,стационарная консоль,1981
226,court2,182,портативная консоль,2004
227,detail1,696,периферийное устройство,2003
228,year9,555,портативная консоль,1987
229,hope7,38,игровая консоль,2020
230,administration7,261,домашная консоль,2019
231,eye1,732,игровая консоль,2013
232,left10,690,игровая консоль,1986
233,I5,582,игровая консоль,2007
234,charge9,828,гибридная консоль,1980
235,condition4,139,игровая консоль,1987
236,who2,571,стационарная консоль,1983
237,never7,34,портативная консоль,1996
238,claim4,394,игровая консоль,2016
239,force2,801,гибридная консоль,1988
240,cultural4,99,периферийное устройство,2001
241,standard5,528,периферийное устройство,2004
242,everyone8,601,периферийное устройство,1981
243,become1,502,игровая консоль,2021
244,former3,136,домашная консоль,2002
245,able9,523,игровая консоль,1991
246,customer3,502,стационарная консоль,1982
247,front2,253,гибридная консоль,2007
248,kid2,361,гибридная консоль,2003
249,answer9,100,периферийное устройство,1986
250,often1,157,гибридная консоль,2000
251,begin3,907,периферийное устройство,2006
252,box3,506,игровая консоль,1988
253,develop6,472,стационарная консоль,2015
254,program1,422,стационарная консоль,1995
255,high3,156,домашная консоль,2006
256,lead10,533,периферийное устройство,1994
257,soldier8,495,домашная консоль,2020
258,pay10,422,гибридная консоль,1996
259,price1,278,игровая консоль,2018
260,order6,734,периферийное устройство,1983
261,cut4,574,периферийное устройство,2018
262,skin3,410,стационарная консоль,2018
263,use9,322,гибридная консоль,1984
264,speech8,616,стационарная консоль,2002
265,individual4,50,гибридная консоль,1983
266,table4,158,гибридная консоль,2009
267,such10,460,стационарная консоль,2003
268,young7,436,гибридная консоль,1982
269,threat3,473,гибридная консоль,2002
270,impact4,574,игровая консоль,1982
271,hotel5,667,стационарная консоль,1987
272,himself6,54,портативная консоль,2022
273,free5,639,портативная консоль,1984
274,director2,398,гибридная консоль,2019
275,size6,453,периферийное устройство,1989
276,brother5,460,гибридная консоль,2003
277,than10,591,портативная консоль,1984
278,like7,571,портативная консоль,1997
279,force8,390,периферийное устройство,1997
280,contain2,670,периферийное устройство,1990
281,heart6,571,периферийное устройство,1992
282,even2,264,портативная консоль,1990
283,anyone6,184,игровая консоль,2015
284,poor8,460,периферийное устройство,1993
285,store2,472,игровая консоль,2018
286,theory8,212,стационарная консоль,1988
287,mother7,601,гибридная консоль,2017
288,blue7,352,периферийное устройство,2008
289,yourself1,121,игровая консоль,2011
290,research4,518,гибридная консоль,1991
291,deal7,729,портативная консоль,2012
292,response1,829,домашная консоль,2015
293,son7,476,стационарная консоль,2017
294,chair8,268,периферийное устройство,1997
295,popular7,585,стационарная консоль,1998
296,executive7,342,игровая консоль,1998
297,reach5,192,гибридная консоль,1998
298,eye6,327,домашная консоль,1994
299,no3,40,стационарная консоль,2018
300,share3,445,домашная консоль,2010
301,various10,904,периферийное устройство,2000
302,month10,391,стационарная консоль,2001
303,style3,448,периферийное устройство,2009
304,leg3,458,игровая консоль,2008
305,each3,608,портативная консоль,2011
306,professor5,530,домашная консоль,1990
307,leg4,332,периферийное устройство,1989
308,wonder3,456,игровая консоль,2020
309,water2,448,стационарная консоль,2010
310,story5,129,домашная консоль,1981
311,a7,585,портативная консоль,2014
312,movement1,418,портативная консоль,2003
313,some5,970,домашная консоль,1991
314,move8,442,домашная консоль,1981
315,doctor10,456,игровая консоль,2022
316,dinner2,484,игровая консоль,1982
317,meet5,1018,гибридная консоль,2018
318,quality8,529,игровая консоль,2008
319,feeling7,211,игровая консоль,2011
320,level4,213,игровая консоль,1983
321,assume7,381,гибридная консоль,1991
322,end4,578,игровая консоль,2005
323,avoid3,57,стационарная консоль,2005
324,behavior7,604,портативная консоль,2004
325,more4,533,периферийное устройство,1992
326,most2,427,гибридная консоль,2010
327,technology3,262,периферийное устройство,2011
328,one5,585,портативная консоль,1981
329,century5,413,портативная консоль,2007
330,government9,150,стационарная консоль,1989
331,increase2,502,домашная консоль,2002
332,morning4,120,игровая консоль,2003
333,tonight7,445,домашная консоль,2022
334,evidence8,46,стационарная консоль,2015
335,mind3,484,гибридная консоль,1983
336,keep4,191,домашная консоль,1991
337,charge6,1013,портативная консоль,2016
338,already3,148,игровая консоль,1992
339,contain6,264,стационарная консоль,2006
340,worry1,534,домашная консоль,2006
341,her1,612,игровая консоль,1980
342,fish4,970,стационарная консоль,1999
343,consider6,400,стационарная консоль,2004
344,account4,502,периферийное устройство,2022
345,mention3,459,гибридная консоль,2012
346,fill1,568,игровая консоль,1994
347,choice2,486,гибридная консоль,2006
348,act1,456,игровая консоль,1993
349,tree2,182,стационарная консоль,2003
350,attack2,77,портативная консоль,2004
351,measure7,748,гибридная консоль,1992
352,turn7,587,стационарная консоль,2004
353,sport9,987,игровая консоль,1982
354,indicate7,1015,стационарная консоль,2009
355,here9,420,гибридная консоль,2002
356,voice8,683,периферийное устройство,2000
357,identify4,964,игровая консоль,1992
358,figure5,146,гибридная консоль,2022
359,blue6,362,портативная консоль,1980
360,past3,340,игровая консоль,1996
361,dog9,416,гибридная консоль,1988
362,prove3,270,гибридная консоль,1984
363,note2,676,стационарная консоль,1986
364,enter10,435,портативная консоль,1982
365,produce5,472,портативная консоль,2003
366,keep10,456,гибридная консоль,2014
367,travel1,484,периферийное устройство,1991
368,budget4,387,гибридная консоль,2010
369,before1,326,портативная консоль,1985
370,cause9,420,домашная консоль,1986
371,start8,535,портативная консоль,2006
372,green1,287,периферийное устройство,1981
373,style4,235,игровая консоль,1995
374,any2,526,игровая консоль,1987
375,reach3,421,периферийное устройство,2008
376,home3,422,портативная консоль,1997
377,situation9,599,гибридная консоль,1992
378,writer2,68,гибридная консоль,1988
379,paper1,696,домашная консоль,1985
380,whose5,130,периферийное устройство,2002
381,quickly2,228,игровая консоль,2022
382,stuff6,587,периферийное устройство,2003
383,other4,98,гибридная консоль,2015
384,carry4,987,гибридная консоль,1985
385,federal4,394,гибридная консоль,1989
386,clear7,220,периферийное устройство,2014
387,ago2,678,игровая консоль,2013
388,any10,395,стационарная консоль,2012
389,best3,780,периферийное устройство,1981
390,nor10,228,стационарная консоль,2006
391,quality3,89,периферийное устройство,2003
392,discuss5,470,стационарная консоль,1981
393,animal6,210,игровая консоль,2003
394,deal6,619,стационарная консоль,1999
395,play3,597,гибридная консоль,2002
396,whether6,852,стационарная консоль,1987
397,difference9,360,периферийное устройство,2003
398,activity5,667,периферийное устройство,2006
399,meet6,551,домашная консоль,2002
400,red9,116,стационарная консоль,2006
401,southern4,407,гибридная консоль,2008
402,wear8,770,периферийное устройство,2008
403,world4,176,портативная консоль,2001
404,her3,45,периферийное устройство,2001
405,store7,172,домашная консоль,1989
406,visit3,354,портативная консоль,2019
407,cold8,522,гибридная консоль,2015
408,teach6,942,домашная консоль,2014
409,network1,685,домашная консоль,2001
410,measure5,571,домашная консоль,2011
411,state10,266,домашная консоль,1994
412,if2,422,стационарная консоль,1984
413,fast3,619,периферийное устройство,2014
414,weight4,1007,периферийное устройство,2017
415,meet8,120,домашная консоль,1994
416,method8,178,домашная консоль,1997
417,magazine8,161,портативная консоль,1998
418,something5,239,гибридная консоль,1987
419,among3,236,портативная консоль,1992
420,throughout6,25,гибридная консоль,1999
421,civil5,299,стационарная консоль,1996
422,begin4,381,домашная консоль,2018
423,source2,408,портативная консоль,1985
424,heavy5,448,стационарная консоль,2008
425,magazine6,632,стационарная консоль,1986
426,conference2,207,периферийное устройство,2007
427,writer6,16,портативная консоль,2005
428,Republican3,441,портативная консоль,2014
429,worker1,186,гибридная консоль,1982
430,school9,214,гибридная консоль,2021
431,clearly3,688,портативная консоль,2002
432,nice5,1017,периферийное устройство,2010
433,ball9,718,стационарная консоль,1997
434,tree9,102,гибридная консоль,2001
435,in7,512,стационарная консоль,1985
436,because3,425,игровая консоль,2000
437,age3,438,стационарная консоль,2009
438,main8,434,периферийное устройство,2015
439,why10,556,игровая консоль,2003
440,another5,350,гибридная консоль,1998
441,understand8,825,домашная консоль,2013
442,we1,58,стационарная консоль,1990
443,floor8,634,гибридная консоль,1982
444,responsibility8,120,стационарная консоль,1981
445,home4,729,стационарная консоль,2001
446,like6,421,периферийное устройство,2011
447,operation7,149,стационарная консоль,1986
448,mission4,408,периферийное устройство,1999
449,attack3,247,гибридная консоль,1995
450,billion1,718,игровая консоль,1999
451,difference2,408,гибридная консоль,1989
452,thing7,891,периферийное устройство,2019
453,protect1,901,гибридная консоль,2015
454,second5,119,портативная консоль,2017
455,once9,89,стационарная консоль,1983
456,doctor9,50,портативная консоль,1996
457,third2,101,гибридная консоль,2017
458,author2,591,домашная консоль,2009
459,offer3,11,периферийное устройство,2002
460,fill5,624,периферийное устройство,2020
461,wish8,60,портативная консоль,1997
462,foreign9,109,домашная консоль,2004
463,hope9,195,домашная консоль,2001
464,billion1,425,игровая консоль,1996
465,television4,865,портативная консоль,1992
466,face2,522,стационарная консоль,2022
467,room5,149,игровая консоль,2020
468,high2,227,портативная консоль,1981
469,someone10,776,гибридная консоль,2014
470,beautiful5,409,периферийное устройство,2019
471,quite5,425,портативная консоль,1992
472,every4,23,домашная консоль,2006
473,tough5,51,игровая консоль,2002
474,walk9,96,домашная консоль,2004
475,thought8,278,домашная консоль,2009
476,data8,857,гибридная консоль,2021
477,base1,74,игровая консоль,2014
478,against4,287,домашная консоль,2006
479,a3,655,стационарная консоль,1986
480,mention5,11,периферийное устройство,1996
481,eye5,408,гибридная консоль,1995
482,study2,140,периферийное устройство,2012
483,prevent3,47,портативная консоль,2019
484,study10,862,игровая консоль,1993
485,natural9,336,стационарная консоль,2015
486,for8,456,домашная консоль,1993
487,seven10,327,портативная консоль,1995
488,argue10,626,домашная консоль,2007
489,president5,709,периферийное устройство,2001
490,marriage3,618,периферийное устройство,2001
491,final3,453,гибридная консоль,2016
492,offer2,198,стационарная консоль,1995
493,air1,390,домашная консоль,2016
494,foreign10,637,гибридная консоль,2006
495,recent1,411,периферийное устройство,1983
496,economy4,43,домашная консоль,1997
497,many10,678,гибридная консоль,2004
498,course9,518,гибридная консоль,2017
499,customer1,462,домашная консоль,1999
500,foot10,846,портативная консоль,2017
501,rock2,989,портативная консоль,2003
502,attack2,453,гибридная консоль,2008
503,citizen5,525,гибридная консоль,1984
504,much3,560,гибридная консоль,1988
505,structure7,709,стационарная консоль,1999
506,four5,69,периферийное устройство,2001
507,environment5,315,домашная консоль,2007
508,it10,719,игровая консоль,1984
509,second4,522,периферийное устройство,2013
510,risk5,158,стационарная консоль,2010
511,teach8,776,гибридная консоль,1995
512,product1,225,игровая консоль,2011
513,big9,900,игровая консоль,1980
514,town9,80,портативная консоль,2011
515,discussion4,222,периферийное устройство,2017
516,part2,266,домашная консоль,1992
517,Republican6,68,портативная консоль,1987
518,usually8,214,периферийное устройство,2011
519,grow10,723,портативная консоль,2006
520,attention2,358,стационарная консоль,2003
521,reflect2,520,портативная консоль,1987
522,current10,456,периферийное устройство,2013
523,since9,959,периферийное устройство,1990
524,place4,88,портативная консоль,2000
525,significant6,564,портативная консоль,2001
526,science9,456,стационарная консоль,2010
527,reality2,455,домашная консоль,1980
528,across2,616,периферийное устройство,1981
529,hit5,100,стационарная консоль,1987
530,give6,346,портативная консоль,2020
531,always5,33,периферийное устройство,1988
532,sure1,381,стационарная консоль,1982
533,still10,20,периферийное устройство,1995
534,little7,495,гибридная консоль,2017
535,miss9,350,гибридная консоль,2021
536,something8,40,гибридная консоль,2001
537,rule7,136,портативная консоль,2009
538,language5,991,гибридная консоль,2002
539,sign7,520,портативная консоль,1994
540,serve9,706,игровая консоль,1992
541,control8,533,портативная консоль,1993
542,game7,363,гибридная консоль,2005
543,responsibility7,82,игровая консоль,2008
544,reach3,516,периферийное устройство,2014
545,car2,459,домашная консоль,1995
546,world5,213,стационарная консоль,1983
547,technology1,441,портативная консоль,1996
548,time8,495,домашная консоль,2020
549,role1,403,периферийное устройство,2007
550,year1,433,периферийное устройство,2012
551,tax5,476,периферийное устройство,2009
552,grow2,274,домашная консоль,2014
553,term2,456,домашная консоль,2005
554,young4,1014,гибридная консоль,1985
555,where7,790,портативная консоль,2017
556,success1,606,домашная консоль,1994
557,threat3,1002,стационарная консоль,1989
558,particular2,312,периферийное устройство,2019
559,example2,407,стационарная консоль,1991
560,painting2,751,игровая консоль,1999
561,I6,925,домашная консоль,2005
562,tonight3,555,портативная консоль,2016
563,third1,396,периферийное устройство,2019
564,site5,456,периферийное устройство,1986
565,practice3,259,игровая консоль,1997
566,write6,852,периферийное устройство,2018
567,together9,82,стационарная консоль,2018
568,who9,111,игровая консоль,2015
569,trial3,395,гибридная консоль,1991
570,camera8,888,стационарная консоль,1992
571,himself9,40,гибридная консоль,2018
572,trouble4,422,домашная консоль,1987
573,behavior8,181,портативная консоль,1994
574,cut10,94,портативная консоль,2017
575,before9,28,портативная консоль,2001
576,certain2,776,гибридная консоль,2015
577,pay4,699,периферийное устройство,2007
578,hard5,441,домашная консоль,1993
579,they10,262,игровая консоль,1996
580,management2,396,портативная консоль,1987
581,serve8,407,игровая консоль,1989
582,career9,636,игровая консоль,2021
583,more3,445,периферийное устройство,2014
584,nearly5,416,гибридная консоль,1985
585,hotel10,368,игровая консоль,1984
586,maybe1,455,домашная консоль,2002
587,about2,415,гибридная консоль,1990
588,example10,26,периферийное устройство,1994
589,mother6,888,домашная консоль,1994
590,continue2,105,периферийное устройство,1995
591,see3,840,гибридная консоль,2000
592,manage8,708,гибридная консоль,1982
593,computer9,93,портативная консоль,2005
594,white1,607,портативная консоль,2016
595,theory5,553,периферийное устройство,2001
596,no6,636,игровая консоль,2014
597,them10,258,игровая консоль,1986
598,letter1,251,стационарная консоль,1999
599,class5,413,гибридная консоль,1981
600,own9,448,игровая консоль,1981
601,culture1,448,игровая консоль,1981
602,detail5,422,домашная консоль,1988
603,executive1,292,игровая консоль,2012
604,particular10,533,домашная консоль,1980
605,return5,50,портативная консоль,1995
606,first10,50,игровая консоль,2006
607,remain1,456,игровая консоль,2001
608,including10,411,портативная консоль,2018
609,heart7,207,портативная консоль,1996
610,against2,139,игровая консоль,1997
611,right5,227,периферийное устройство,2020
612,trade8,262,домашная консоль,1988
613,hospital8,787,гибридная консоль,2002
614,compare2,501,домашная консоль,1981
615,forget3,943,игровая консоль,1999
616,pull1,17,портативная консоль,2018
617,expect5,518,стационарная консоль,2006
618,every9,36,стационарная консоль,2016
619,meet6,476,гибридная консоль,1994
620,nice7,947,периферийное устройство,2001
621,seat2,520,домашная консоль,2016
622,boy5,533,стационарная консоль,2016
623,group6,854,игровая консоль,2016
624,show10,415,портативная консоль,1987
625,respond10,191,домашная консоль,2020
626,even1,300,портативная консоль,1991
627,whom3,293,стационарная консоль,1984
628,evidence4,495,периферийное устройство,2015
629,vote10,533,стационарная консоль,1983
630,similar5,249,портативная консоль,1994
631,learn9,112,портативная консоль,1987
632,receive1,787,периферийное устройство,1992
633,mouth2,837,домашная консоль,2018
634,hair1,843,портативная консоль,1988
635,suffer7,884,домашная консоль,1996
636,contain1,555,гибридная консоль,1997
637,energy10,456,портативная консоль,1994
638,develop5,301,игровая консоль,1986
639,story3,532,игровая консоль,2016
640,realize9,34,периферийное устройство,1994
641,question8,198,гибридная консоль,1984
642,arm3,638,домашная консоль,2015
643,enter5,1013,гибридная консоль,1999
644,agency8,460,портативная консоль,2003
645,ever1,323,периферийное устройство,1989
646,show1,411,портативная консоль,2010
647,the3,321,гибридная консоль,2000
648,foot10,1004,домашная консоль,2013
649,face1,480,гибридная консоль,1997
650,treat1,254,периферийное устройство,1984
651,never1,357,игровая консоль,2013
652,entire6,413,игровая консоль,1981
653,capital9,238,портативная консоль,1995
654,wife2,53,игровая консоль,2016
655,civil4,989,портативная консоль,1988
656,occur8,400,игровая консоль,2009
657,purpose2,38,стационарная консоль,1989
658,his9,21,портативная консоль,1994
659,religious7,260,домашная консоль,1981
660,support8,572,периферийное устройство,1987
661,claim4,734,периферийное устройство,2012
662,whether2,681,игровая консоль,1997
663,everything4,520,портативная консоль,1994
664,money10,227,домашная консоль,1988
665,could8,518,домашная консоль,1994
666,factor2,542,периферийное устройство,1987
667,any1,173,периферийное устройство,2007
668,measure6,450,игровая консоль,2014
669,game3,727,гибридная консоль,2020
670,resource5,410,стационарная консоль,2019
671,scientist1,565,стационарная консоль,2011
672,money9,1013,портативная консоль,1982
673,build3,670,игровая консоль,2005
674,nature6,118,стационарная консоль,2019
675,reality10,453,периферийное устройство,1992
676,figure3,385,гибридная консоль,1987
677,speech5,346,периферийное устройство,2007
678,know6,472,портативная консоль,2002
679,book5,849,игровая консоль,1996
680,plant8,96,стационарная консоль,1985
681,foreign3,455,стационарная консоль,1990
682,decision9,970,портативная консоль,1989
683,bag4,456,игровая консоль,2019
684,simply1,36,домашная консоль,2014
685,practice6,884,домашная консоль,1997
686,soon6,627,периферийное устройство,1985
687,agent6,649,стационарная консоль,2003
688,for5,420,игровая консоль,1999
689,until9,742,периферийное устройство,2021
690,too6,377,периферийное устройство,1982
691,decide5,799,стационарная консоль,1988
692,lay6,246,игровая консоль,1996
693,within2,377,портативная консоль,1998
694,speech8,674,гибридная консоль,1994
695,institution1,605,игровая консоль,2002
696,town3,602,периферийное устройство,2000
697,key9,106,портативная консоль,1981
698,trade6,270,игровая консоль,2003
699,large7,445,стационарная консоль,2022
700,white9,1021,стационарная консоль,1993
701,firm1,428,периферийное устройство,2004
702,plant9,673,стационарная консоль,2002
703,fall4,940,периферийное устройство,1990
704,spring9,346,портативная консоль,2000
705,view9,511,периферийное устройство,2022
706,customer8,250,портативная консоль,1995
707,apply6,128,периферийное устройство,1995
708,matter2,467,периферийное устройство,1991
709,million6,770,домашная консоль,1996
710,test9,397,портативная консоль,1990
711,continue5,344,периферийное устройство,2007
712,wife8,61,гибридная консоль,1982
713,tree6,260,портативная консоль,1980
714,where1,322,гибридная консоль,2022
715,tell8,464,игровая консоль,2018
716,drive4,478,домашная консоль,2000
717,remember9,78,периферийное устройство,2001
718,enjoy1,63,гибридная консоль,1981
719,design7,408,домашная консоль,1985
720,some7,390,гибридная консоль,2017
721,agree9,625,игровая консоль,1991
722,section10,213,домашная консоль,2007
723,soldier8,169,стационарная консоль,2017
724,rather8,908,стационарная консоль,2003
725,per4,239,игровая консоль,1991
726,nor9,719,домашная консоль,1990
727,necessary10,200,периферийное устройство,1994
728,again7,609,периферийное устройство,2006
729,student9,477,портативная консоль,2008
730,try1,742,домашная консоль,2003
731,American6,947,гибридная консоль,2007
732,tend8,497,периферийное устройство,1981
733,community9,209,игровая консоль,2010
734,Mr5,445,стационарная консоль,1981
735,would10,83,игровая консоль,1994
736,from8,700,игровая консоль,2022
737,yourself2,758,стационарная консоль,1989
738,soldier5,109,периферийное устройство,2007
739,sit9,146,периферийное устройство,1993
740,window2,748,домашная консоль,2004
741,them10,377,игровая консоль,1981
742,out8,425,игровая консоль,1988
743,rise9,213,периферийное устройство,1982
744,never10,433,гибридная консоль,1980
745,live3,81,игровая консоль,2013
746,specific7,770,стационарная консоль,2022
747,cause5,400,гибридная консоль,1982
748,should6,750,периферийное устройство,1990
749,different8,316,гибридная консоль,1986
750,begin1,901,игровая консоль,2017
751,together9,131,стационарная консоль,1994
752,cover10,528,игровая консоль,2014
753,focus3,603,периферийное устройство,1994
754,road6,690,портативная консоль,1999
755,mean2,673,стационарная консоль,2010
756,your9,85,периферийное устройство,2020
757,recent1,884,игровая консоль,1986
758,investment3,250,домашная консоль,2006
759,focus9,517,игровая консоль,1991
760,guess4,201,стационарная консоль,2016
761,miss6,333,домашная консоль,1998
762,rather3,500,гибридная консоль,2010
763,fight9,312,гибридная консоль,1989
764,sure5,448,гибридная консоль,1994
765,game3,149,домашная консоль,2006
766,year8,773,домашная консоль,2005
767,could4,134,стационарная консоль,1993
768,nor3,47,периферийное устройство,2005
769,receive1,456,гибридная консоль,2011
770,go6,80,портативная консоль,2002
771,analysis9,902,периферийное устройство,2013
772,effect1,437,гибридная консоль,1989
773,take3,836,стационарная консоль,1992
774,research2,283,гибридная консоль,2006
775,weight5,516,периферийное устройство,2002
776,doctor10,422,игровая консоль,2008
777,eat2,724,игровая консоль,2018
778,appear5,571,домашная консоль,1985
779,international5,543,портативная консоль,1996
780,remember1,723,гибридная консоль,2008
781,instead6,727,портативная консоль,1983
782,red2,274,портативная консоль,2009
783,plan5,507,игровая консоль,1987
784,similar2,383,периферийное устройство,1993
785,available3,495,игровая консоль,2020
786,treatment4,197,домашная консоль,2017
787,them5,760,игровая консоль,2011
788,shoulder6,1021,портативная консоль,2007
789,month2,453,периферийное устройство,2002
790,sign9,685,гибридная консоль,2005
791,together4,107,игровая консоль,2017
792,former8,397,гибридная консоль,2003
793,article9,141,гибридная консоль,2010
794,foot10,591,гибридная консоль,2019
795,hundred3,446,портативная консоль,1989
796,apply9,224,игровая консоль,1991
797,us8,1011,гибридная консоль,1996
798,nothing3,533,портативная консоль,2008
799,adult10,745,гибридная консоль,1984
800,onto5,608,портативная консоль,2000
801,land6,532,портативная консоль,2015
802,dinner5,732,портативная консоль,2017
803,next7,455,гибридная консоль,1998
804,local9,258,игровая консоль,2005
805,green9,472,домашная консоль,2012
806,a10,168,домашная консоль,2004
807,because8,543,гибридная консоль,2017
808,space4,448,периферийное устройство,1999
809,rule10,840,домашная консоль,1995
810,check2,63,игровая консоль,2005
811,difference8,71,игровая консоль,1998
812,letter5,249,гибридная консоль,2010
813,those8,925,периферийное устройство,2018
814,everything6,502,игровая консоль,2004
815,drug5,369,портативная консоль,2006
816,like2,92,домашная консоль,2004
817,still7,59,гибридная консоль,2009
818,material9,639,портативная консоль,2014
819,institution7,725,гибридная консоль,1985
820,possible7,230,стационарная консоль,1983
821,hair5,356,гибридная консоль,2006
822,question10,174,стационарная консоль,1999
823,carry7,441,гибридная консоль,2016
824,beyond5,152,игровая консоль,2007
825,campaign3,348,стационарная консоль,1991
826,notice6,801,домашная консоль,1981
827,allow3,1003,портативная консоль,1988
828,child3,571,портативная консоль,1993
829,gun1,416,гибридная консоль,2017
830,report6,888,гибридная консоль,1996
831,today5,974,портативная консоль,1998
832,impact10,560,периферийное устройство,1995
833,article4,495,стационарная консоль,2019
834,little6,163,периферийное устройство,2008
835,animal5,518,гибридная консоль,2020
836,civil3,174,периферийное устройство,1982
837,although8,765,игровая консоль,2015
838,article4,408,гибридная консоль,2006
839,detail3,296,гибридная консоль,2022
840,one6,117,гибридная консоль,2017
841,most8,341,портативная консоль,1984
842,morning5,791,домашная консоль,2009
843,stand5,63,гибридная консоль,2019
844,usually3,420,портативная консоль,1995
845,recent6,609,домашная консоль,2020
846,himself1,742,игровая консоль,1997
847,health1,151,портативная консоль,2004
848,minute7,585,игровая консоль,2001
849,particular10,908,домашная консоль,1980
850,most7,166,домашная консоль,1992
851,information5,274,стационарная консоль,1999
852,group1,571,игровая консоль,2013
853,seem3,115,стационарная консоль,2017
854,air1,505,периферийное устройство,2005
855,or4,390,периферийное устройство,1996
856,woman10,435,периферийное устройство,1988
857,issue7,865,игровая консоль,1986
858,scene10,574,портативная консоль,2019
859,seat3,60,домашная консоль,1980
860,center5,408,домашная консоль,1992
861,also10,684,гибридная консоль,2005
862,mind2,849,периферийное устройство,1996
863,win2,460,игровая консоль,1993
864,item2,688,домашная консоль,2000
865,finish3,191,периферийное устройство,1985
866,owner8,339,гибридная консоль,1989
867,local6,452,домашная консоль,1999
868,moment4,1008,стационарная консоль,2005
869,Congress1,612,периферийное устройство,2011
870,that5,174,стационарная консоль,1981
871,hit1,160,домашная консоль,2014
872,line5,58,домашная консоль,2012
873,next8,876,стационарная консоль,1983
874,against3,4,гибридная консоль,2013
875,shake3,222,периферийное устройство,2007
876,scientist8,237,стационарная консоль,1992
877,although1,217,игровая консоль,2001
878,positive5,591,домашная консоль,2017
879,build4,500,стационарная консоль,2000
880,model6,712,домашная консоль,1995
881,what4,94,гибридная консоль,1991
882,son7,588,гибридная консоль,1988
883,air8,441,гибридная консоль,1999
884,whose3,469,периферийное устройство,1995
885,series5,301,портативная консоль,2014
886,truth8,321,гибридная консоль,2007
887,word3,526,стационарная консоль,1993
888,dog1,667,стационарная консоль,1989
889,window8,585,периферийное устройство,1987
890,street7,623,периферийное устройство,1984
891,rise5,240,портативная консоль,2022
892,music8,103,игровая консоль,1987
893,step9,638,портативная консоль,1993
894,expect4,291,гибридная консоль,1996
895,political8,996,домашная консоль,2011
896,then6,497,игровая консоль,2020
897,wide10,204,игровая консоль,1995
898,use3,422,периферийное устройство,1984
899,so6,408,гибридная консоль,2013
900,miss1,231,игровая консоль,1998
901,hold8,166,стационарная консоль,1996
902,break5,453,домашная консоль,2022
903,candidate8,246,периферийное устройство,1996
904,me8,694,игровая консоль,2008
905,sing8,102,стационарная консоль,1997
906,boy2,232,гибридная консоль,1992
907,represent8,802,игровая консоль,2012
908,expert9,585,периферийное устройство,2011
909,difference1,718,периферийное устройство,2017
910,response7,571,периферийное устройство,1993
911,family9,582,периферийное устройство,2019
912,marriage6,67,портативная консоль,1994
913,professional8,472,домашная консоль,1987
914,important4,56,игровая консоль,1984
915,clear9,63,портативная консоль,2018
916,receive2,433,портативная консоль,2012
917,hair7,486,периферийное устройство,2022
918,themselves7,530,стационарная консоль,2004
919,court4,4,гибридная консоль,1989
920,very1,408,периферийное устройство,1988
921,south7,363,стационарная консоль,1997
922,scientist6,215,домашная консоль,2003
923,head2,164,периферийное устройство,2013
924,tonight5,506,гибридная консоль,1984
925,determine2,455,игровая консоль,1981
926,think2,111,гибридная консоль,1997
927,wish1,1023,портативная консоль,1985
928,husband7,428,гибридная консоль,2022
929,rule7,224,домашная консоль,1987
930,former4,382,гибридная консоль,1987
931,national10,833,стационарная консоль,2011
932,reduce4,4,периферийное устройство,1985
933,necessary9,408,гибридная консоль,1988
934,anything1,571,периферийное устройство,1980
935,peace7,657,домашная консоль,2007
936,large1,507,игровая консоль,2013
937,drive6,468,гибридная консоль,2015
938,rock9,415,стационарная консоль,2000
939,main6,385,периферийное устройство,2001
940,magazine8,478,периферийное устройство,1992
941,nation9,989,игровая консоль,1996
942,night8,764,игровая консоль,2008
943,character5,683,гибридная консоль,1994
944,road10,296,гибридная консоль,2009
945,onto7,124,стационарная консоль,1985
946,we5,410,периферийное устройство,2003
947,set9,40,стационарная консоль,2000
948,wind10,461,игровая консоль,2015
949,main5,140,игровая консоль,1985
950,suggest4,588,игровая консоль,1988
951,yet5,422,портативная консоль,1988
952,can6,551,домашная консоль,1983
953,knowledge9,209,периферийное устройство,2021
954,talk7,230,гибридная консоль,2022
955,consider1,375,периферийное устройство,2002
956,Congress4,236,стационарная консоль,2011
957,very10,456,игровая консоль,2022
958,explain7,56,периферийное устройство,2013
959,magazine4,303,портативная консоль,2009
960,discussion7,846,игровая консоль,1987
961,affect8,641,домашная консоль,2000
962,drive4,456,периферийное устройство,2020
963,break1,3,гибридная консоль,2017
964,just10,937,игровая консоль,1996
965,detail9,156,стационарная консоль,1985
966,training5,210,гибридная консоль,1996
967,reach7,21,стационарная консоль,2016
968,thing1,51,домашная консоль,2005
969,worker9,411,периферийное устройство,1995
970,us6,436,стационарная консоль,1996
971,trouble2,416,портативная консоль,1988
972,present9,502,портативная консоль,2001
973,source2,15,игровая консоль,2001
974,every7,311,домашная консоль,2018
975,will3,422,домашная консоль,2011
976,land5,846,гибридная консоль,1994
977,partner10,24,домашная консоль,2017
978,when10,130,гибридная консоль,1986
979,big4,88,игровая консоль,1980
980,manage8,574,портативная консоль,1997
981,economic1,453,домашная консоль,1994
982,movie1,134,периферийное устройство,2011
983,Republican1,106,игровая консоль,2012
984,officer1,422,стационарная консоль,1983
985,accept5,967,гибридная консоль,2019
986,other9,10,стационарная консоль,2018
987,mention1,812,гибридная консоль,1998
988,four8,474,гибридная консоль,2002
989,much6,597,портативная консоль,1980
990,policy5,92,домашная консоль,1995
991,join4,571,гибридная консоль,2020
992,idea6,311,стационарная консоль,2022
993,your5,4,игровая консоль,1988
994,certainly9,32,домашная консоль,2006
995,record7,476,стационарная консоль,1993
996,magazine6,306,гибридная консоль,2013
997,top9,832,домашная консоль,2004
998,quite6,23,периферийное устройство,1995
999,entire8,502,игровая консоль,1984
1000,miss5,256,периферийное устройство,2022
